A=main 38eaa9f+profile-A	B-orig=296d2ea+profile-B	B-fix+profile-B	symbol
27100	23512	27160	Serializer::write()
8500	6656	8500	Serializer::write_mapping_body()
3960	3960	3960	Serializer::write_record_fused()
3744	3744	3744	Serializer::write_scalar_run()
3740	2200	3740	Serializer::write_mapping_uncached()
0	2012	0	Serializer::write_string_bytes()
1980	1980	1980	strata::bindings::dumps_to_python()
1676	1228	1676	Serializer::write_mapping()
1500	1500	1500	Serializer::grow_schemas(unsigned long)
1056	1056	1056	Serializer::build_schema()
0	652	892	Serializer::write_set()
0	720	880	Serializer::write_dataclass()
0	520	796	Serializer::write_enum()
0	628	512	Serializer::write_set_table()
0	580	580	Serializer::write_native()
344	532	344	Serializer::Frame::Frame(Serializer&, _object*)
524	524	524	(anonymous namespace)::strata_dumps()
0	0	468	Serializer::write_key_cold()
0	0	240	Serializer::push_open_cold()
228	228	228	Serializer::Frame::handle_cycle() const
216	216	216	Serializer::emit_cycle_placeholder()
0	208	208	Serializer::write_decimal()
0	184	184	Serializer::write_native_text()
164	164	164	Serializer::compact_general_holes()
164	164	164	Serializer::compact_general_exact()
164	164	164	Serializer::latch()
148	148	148	Serializer::RowLock::~RowLock()
80	80	80	Serializer::close_container()
