round	pos	arm	import_ns	wall_ns
0	0	A	1108042	26071625
0	1	B	1373833	28082375
0	2	B	1127250	26395041
0	3	A	1194250	25337417
1	0	A	1334250	27901375
1	1	B	1167208	25391042
1	2	B	1436500	30061250
1	3	A	1323167	29952209
2	0	A	1257375	26251417
2	1	B	1222125	27399458
2	2	B	1120209	25152209
2	3	A	1269750	25602833
3	0	A	1273667	26624291
3	1	B	1087333	24696458
3	2	B	1202625	26296875
3	3	A	1181375	26943000
4	0	A	1090542	24515334
4	1	B	1293125	27651000
4	2	B	1153750	26311584
4	3	A	1393875	25464584
5	0	A	1249750	28372625
5	1	B	1099917	25369500
5	2	B	1324500	26165375
5	3	A	1242500	28552708
6	0	A	1193833	25831292
6	1	B	1258208	26936584
6	2	B	1151375	27605917
6	3	A	1210042	25080209
7	0	A	1233834	27484625
7	1	B	1100125	25276542
7	2	B	1241000	25147458
7	3	A	1227083	27338666
8	0	A	1084417	25451417
8	1	B	1214958	26701583
8	2	B	1173834	27506834
8	3	A	1197000	26619125
9	0	A	1363625	29192833
9	1	B	1367750	28784958
9	2	B	1259166	26719167
9	3	A	1138625	28751417
10	0	A	1206667	26626500
10	1	B	1222500	27126541
10	2	B	1173167	28259083
10	3	A	1353125	26428042
11	0	A	1238208	28265292
11	1	B	1137000	25468875
11	2	B	1284500	26150250
11	3	A	1196333	27578458
12	0	A	1104834	24489875
12	1	B	1203292	26765166
12	2	B	1205875	27003584
12	3	A	1336333	25386042
13	0	A	1235375	27543792
13	1	B	1327708	25629291
13	2	B	1290292	25008708
13	3	A	1662625	28418750
14	0	A	1148083	25572084
14	1	B	1277417	27489125
14	2	B	1233416	27633292
14	3	A	1208375	25997083
15	0	A	1449542	27925041
15	1	B	1124583	25205542
15	2	B	1272708	25141042
15	3	A	1188542	27323666
16	0	A	1100250	24688500
16	1	B	1305917	27032750
16	2	B	1184708	28551375
16	3	A	1098250	24867625
17	0	A	1370792	28928625
17	1	B	1158375	26176666
17	2	B	1285958	25667791
17	3	A	1464708	28446083
18	0	A	1062375	26669625
18	1	B	1351000	27311458
18	2	B	1206958	27051333
18	3	A	1111667	24775667
19	0	A	1514208	28427167
19	1	B	1206125	27097833
19	2	B	1217416	25057291
19	3	A	1294000	28594291
20	0	A	1110625	25438583
20	1	B	1275917	25676584
20	2	B	1195417	26322167
20	3	A	1107667	24991375
21	0	A	1253000	26499291
21	1	B	1187625	27511417
21	2	B	1084750	24401084
21	3	A	1278208	27380834
22	0	A	1120875	25739375
22	1	B	1294917	25089458
22	2	B	1396958	27972625
22	3	A	1140584	26006833
23	0	A	1323209	25728291
23	1	B	1197167	26798916
23	2	B	1106542	25531084
23	3	A	1332959	28441750
24	0	A	1170334	26772917
24	1	B	1299834	27846459
24	2	B	1251750	27894500
24	3	A	1129250	25011375
25	0	A	1258750	25305000
25	1	B	1717333	30110500
25	2	B	1689875	28226667
25	3	A	1477750	29358458
26	0	A	1612083	30390583
26	1	B	1442583	29051584
26	2	B	1296709	28480125
26	3	A	1121584	25317584
27	0	A	1246583	27316125
27	1	B	1159834	27753750
27	2	B	1297375	26578125
27	3	A	1212500	28337416
28	0	A	1201417	26035042
28	1	B	1161541	27704209
28	2	B	1263750	27595875
28	3	A	1099750	24260792
29	0	A	1216000	27263167
29	1	B	1199833	27600750
29	2	B	1341917	26579833
29	3	A	1289417	27952959
30	0	A	1119542	25084750
30	1	B	1267375	25954250
30	2	B	1265292	28683167
30	3	A	1680750	28576125
31	0	A	1264667	33530208
31	1	B	1101542	25346209
31	2	B	1274833	25906750
31	3	A	1346625	28037125
32	0	A	1195958	25727667
32	1	B	1223167	26688500
32	2	B	1231708	27118333
32	3	A	1205208	25058333
33	0	A	1315875	29408375
33	1	B	1257000	27268708
33	2	B	1359333	26353833
33	3	A	1236125	27305292
34	0	A	1125875	25898792
34	1	B	1519458	27807542
34	2	B	1188250	28513583
34	3	A	1159333	26270208
35	0	A	1470667	29651250
35	1	B	1183833	26127500
35	2	B	1153917	26350166
35	3	A	1326250	28237417
36	0	A	1098458	24632292
36	1	B	1223917	27130041
36	2	B	1176292	29109042
36	3	A	1373625	27096042
37	0	A	1257792	28826375
37	1	B	1089250	25431500
37	2	B	1253792	27154583
37	3	A	1248708	28062000
38	0	A	1195125	26727417
38	1	B	1342084	28042583
38	2	B	1141833	26095292
38	3	A	1283042	25561000
39	0	A	1301041	28932666
39	1	B	1194875	26866292
39	2	B	1285583	27804583
39	3	A	1217875	27136500
40	0	A	1180667	25015792
40	1	B	1262958	27886375
40	2	B	1146125	25360792
40	3	A	1315959	25575042
41	0	A	1184500	27067584
41	1	B	1094875	25484000
41	2	B	1249500	26727791
41	3	A	1179417	26684791
42	0	A	1113417	24394667
42	1	B	1470958	28272875
42	2	B	1128125	27452958
42	3	A	1324708	26143000
43	0	A	1210709	27650750
43	1	B	1122875	24970000
43	2	B	1188750	26618250
43	3	A	1272625	28633583
44	0	A	1174333	26439292
44	1	B	1264125	27762042
44	2	B	1185750	26830584
44	3	A	1230541	25043166
45	0	A	1216833	27385500
45	1	B	1148208	26758667
45	2	B	1285792	27016042
45	3	A	1242291	28581666
46	0	A	1098333	25649625
46	1	B	1449958	27347375
46	2	B	1164000	26451791
46	3	A	1320875	25102250
47	0	A	1385125	29100375
47	1	B	1198292	26096916
47	2	B	1286292	25772750
47	3	A	1275167	27657666
48	0	A	1103250	25268917
48	1	B	1247541	26882000
48	2	B	1172792	27051083
48	3	A	1132375	24658250
49	0	A	1485833	27942917
49	1	B	1129916	25261000
49	2	B	1261584	25409042
49	3	A	1232417	27083542
50	0	A	1093458	25292000
50	1	B	1310167	26576375
50	2	B	1198083	27185625
50	3	A	1221500	24667042
51	0	A	1267209	27737333
51	1	B	1148875	26973042
51	2	B	1223917	24863208
51	3	A	1475458	28782459
52	0	A	1142542	26032667
52	1	B	1547084	26492250
52	2	B	1245125	27687667
52	3	A	1127250	25779209
53	0	A	1206542	27063917
53	1	B	1207041	26802666
53	2	B	1133167	24940209
53	3	A	1393542	27506209
54	0	A	1126542	25720834
54	1	B	1223334	25187958
54	2	B	1188250	27671833
54	3	A	1200875	25969708
55	0	A	1225250	26504375
55	1	B	1967375	30741458
55	2	B	1374000	31697750
55	3	A	1511625	29884458
56	0	A	1325667	27797458
56	1	B	1623416	28392000
56	2	B	1491042	32678833
56	3	A	1447792	27834875
57	0	A	1408250	27941375
57	1	B	1303250	28849834
57	2	B	1356292	25783083
57	3	A	1533750	27962916
58	0	A	1849666	32811959
58	1	B	1411708	32372958
58	2	B	1280458	27931209
58	3	A	1338375	28648750
59	0	A	1396625	29430875
59	1	B	1262458	27227041
59	2	B	1279583	25695875
59	3	A	1241416	28343250
