new	L0	tiny	strata.loads	0	176.787
new	L0	tiny	orjson.loads	0	116.465
new	L0	tiny	orjson.loads	1	116.406
new	L0	tiny	strata.loads	1	175.864
new	L0	tiny	strata.loads	2	176.874
new	L0	tiny	orjson.loads	2	116.001
new	L0	tiny	orjson.loads	3	116.059
new	L0	tiny	strata.loads	3	176.084
new	L0	tiny	strata.loads	4	175.479
new	L0	tiny	orjson.loads	4	116.203
new	L0	tiny	orjson.loads	5	115.972
new	L0	tiny	strata.loads	5	175.567
new	L0	tiny	strata.loads	6	175.732
new	L0	tiny	orjson.loads	6	115.885
new	L0	tiny	orjson.loads	7	115.915
new	L0	tiny	strata.loads	7	176.040
new	L0	tiny	strata.loads	8	177.017
new	L0	tiny	orjson.loads	8	116.290
new	L0	tiny	orjson.loads	9	116.088
new	L0	tiny	strata.loads	9	175.963
new	L0	tiny	strata.loads	10	176.677
new	L0	tiny	orjson.loads	10	116.319
new	L0	tiny	orjson.loads	11	116.291
new	L0	tiny	strata.loads	11	176.303
new	L0	tiny	strata.loads	12	176.127
new	L0	tiny	orjson.loads	12	116.175
new	L0	tiny	orjson.loads	13	116.030
new	L0	tiny	strata.loads	13	176.061
new	L0	tiny	strata.loads	14	181.775
new	L0	tiny	orjson.loads	14	120.139
new	L0	tiny	orjson.loads	15	118.287
new	L0	tiny	strata.loads	15	180.720
new	L0	tiny	strata.loads	16	181.632
new	L0	tiny	orjson.loads	16	117.708
new	L0	tiny	orjson.loads	17	117.766
new	L0	tiny	strata.loads	17	185.324
new	L0	tiny	strata.loads	18	183.325
new	L0	tiny	orjson.loads	18	123.148
new	L0	tiny	orjson.loads	19	121.499
new	L0	tiny	strata.loads	19	181.940
new	L0	tiny	strata.loads	20	183.544
new	L0	tiny	orjson.loads	20	119.328
new	L0	tiny	orjson.loads	21	121.238
new	L0	tiny	strata.loads	21	182.874
new	L0	tiny	strata.loads	22	180.655
new	L0	tiny	orjson.loads	22	116.435
new	L0	tiny	orjson.loads	23	116.117
new	L0	tiny	strata.loads	23	177.160
new	L0	tiny	strata.loads	24	176.479
new	L0	tiny	orjson.loads	24	116.406
new	L0	tiny	orjson.loads	25	116.377
new	L0	tiny	strata.loads	25	179.116
new	L0	tiny	strata.loads	26	177.600
new	L0	tiny	orjson.loads	26	116.319
new	L0	tiny	orjson.loads	27	117.303
new	L0	tiny	strata.loads	27	182.984
new	L0	tiny	strata.loads	28	184.610
new	L0	tiny	orjson.loads	28	119.184
new	L0	tiny	orjson.loads	29	127.315
new	L0	tiny	strata.loads	29	194.060
new	L0	tiny	strata.loads	30	192.785
new	L0	tiny	orjson.loads	30	129.253
new	L0	tiny	orjson.loads	31	127.980
new	L0	tiny	strata.loads	31	187.643
new	L0	tiny	strata.loads	32	179.171
new	L0	tiny	orjson.loads	32	116.985
new	L0	tiny	orjson.loads	33	116.985
new	L0	tiny	strata.loads	33	183.852
new	L0	tiny	strata.loads	34	188.093
new	L0	tiny	orjson.loads	34	122.859
new	L0	tiny	orjson.loads	35	116.435
new	L0	tiny	strata.loads	35	176.863
new	L0	tiny	strata.loads	36	180.545
new	L0	tiny	orjson.loads	36	118.894
new	L0	tiny	orjson.loads	37	118.432
new	L0	tiny	strata.loads	37	187.467
new	L0	tiny	strata.loads	38	186.280
new	L0	tiny	orjson.loads	38	128.357
new	L0	tiny	orjson.loads	39	117.564
new	L0	tiny	strata.loads	39	189.764
new	L0	tiny	strata.loads	40	183.665
new	L0	tiny	orjson.loads	40	122.772
new	L0	tiny	orjson.loads	41	119.068
new	L0	tiny	strata.loads	41	182.874
new	L0	tiny	strata.loads	42	178.490
new	L0	tiny	orjson.loads	42	135.793
new	L0	tiny	orjson.loads	43	116.638
new	L0	tiny	strata.loads	43	191.642
new	L0	tiny	strata.loads	44	189.895
new	L0	tiny	orjson.loads	44	117.014
new	L0	tiny	orjson.loads	45	126.881
new	L0	tiny	strata.loads	45	191.148
new	L0	tiny	strata.loads	46	177.820
new	L0	tiny	orjson.loads	46	133.131
new	L0	tiny	orjson.loads	47	126.649
new	L0	tiny	strata.loads	47	183.610
new	L0	tiny	strata.loads	48	190.862
new	L0	tiny	orjson.loads	48	118.866
new	L0	tiny	orjson.loads	49	116.435
new	L0	tiny	strata.loads	49	179.545
new	L0	tiny	strata.loads	50	176.127
new	L0	tiny	orjson.loads	50	119.965
new	L0	tiny	orjson.loads	51	116.001
new	L0	tiny	strata.loads	51	177.929
new	L0	tiny	strata.loads	52	176.127
new	L0	tiny	orjson.loads	52	116.233
new	L0	tiny	orjson.loads	53	116.349
new	L0	tiny	strata.loads	53	176.468
new	L0	tiny	strata.loads	54	176.699
new	L0	tiny	orjson.loads	54	116.203
new	L0	tiny	orjson.loads	55	116.059
new	L0	tiny	strata.loads	55	175.984
new	L0	tiny	strata.loads	56	176.083
new	L0	tiny	orjson.loads	56	116.001
new	L0	tiny	orjson.loads	57	116.117
new	L0	tiny	strata.loads	57	179.534
new	L0	tiny	strata.loads	58	179.666
new	L0	tiny	orjson.loads	58	117.622
new	L0	tiny	orjson.loads	59	120.168
new	L0	tiny	strata.loads	59	183.929
new	L0	tiny	strata.loads	60	183.940
new	L0	tiny	orjson.loads	60	116.812
new	L0	small-mixed	strata.loads	0	111233.962
new	L0	small-mixed	orjson.loads	0	123221.000
new	L0	small-mixed	orjson.loads	1	120650.348
new	L0	small-mixed	strata.loads	1	107971.154
new	L0	small-mixed	strata.loads	2	107778.846
new	L0	small-mixed	orjson.loads	2	122134.043
new	L0	small-mixed	orjson.loads	3	121217.391
new	L0	small-mixed	strata.loads	3	112660.269
new	L0	small-mixed	strata.loads	4	108953.538
new	L0	small-mixed	orjson.loads	4	121344.217
new	L0	small-mixed	orjson.loads	5	124085.130
new	L0	small-mixed	strata.loads	5	108447.115
new	L0	small-mixed	strata.loads	6	107440.731
new	L0	small-mixed	orjson.loads	6	118692.043
new	L0	small-mixed	orjson.loads	7	118096.043
new	L0	small-mixed	strata.loads	7	107655.462
new	L0	small-mixed	strata.loads	8	107658.654
new	L0	small-mixed	orjson.loads	8	118608.696
new	L0	small-mixed	orjson.loads	9	118420.261
new	L0	small-mixed	strata.loads	9	107790.077
new	L0	small-mixed	strata.loads	10	119650.615
new	L0	small-mixed	orjson.loads	10	129996.348
new	L0	small-mixed	orjson.loads	11	123349.609
new	L0	small-mixed	strata.loads	11	121052.885
new	L0	small-mixed	strata.loads	12	110586.538
new	L0	small-mixed	orjson.loads	12	128786.261
new	L0	small-mixed	orjson.loads	13	127449.261
new	L0	small-mixed	strata.loads	13	117131.423
new	L0	small-mixed	strata.loads	14	130052.885
new	L0	small-mixed	orjson.loads	14	131067.000
new	L0	small-mixed	orjson.loads	15	121163.043
new	L0	small-mixed	strata.loads	15	110246.808
new	L0	small-mixed	strata.loads	16	108953.538
new	L0	small-mixed	orjson.loads	16	123032.609
new	L0	small-mixed	orjson.loads	17	120326.087
new	L0	small-mixed	strata.loads	17	107950.308
new	L0	small-mixed	strata.loads	18	107620.192
new	L0	small-mixed	orjson.loads	18	118802.522
new	L0	small-mixed	orjson.loads	19	118403.957
new	L0	small-mixed	strata.loads	19	108117.000
new	L0	small-mixed	strata.loads	20	107701.923
new	L0	small-mixed	orjson.loads	20	119041.652
new	L0	small-mixed	orjson.loads	21	118644.913
new	L0	small-mixed	strata.loads	21	107790.038
new	L0	small-mixed	strata.loads	22	107379.808
new	L0	small-mixed	orjson.loads	22	118733.696
new	L0	small-mixed	orjson.loads	23	118242.783
new	L0	small-mixed	strata.loads	23	108128.231
new	L0	small-mixed	strata.loads	24	107434.269
new	L0	small-mixed	orjson.loads	24	119072.478
new	L0	small-mixed	orjson.loads	25	118253.652
new	L0	small-mixed	strata.loads	25	107857.346
new	L0	small-mixed	strata.loads	26	107530.423
new	L0	small-mixed	orjson.loads	26	120548.913
new	L0	small-mixed	orjson.loads	27	121432.957
new	L0	small-mixed	strata.loads	27	111687.500
new	L0	small-mixed	strata.loads	28	109875.000
new	L0	small-mixed	orjson.loads	28	120998.174
new	L0	small-mixed	orjson.loads	29	118746.348
new	L0	small-mixed	strata.loads	29	107911.846
new	L0	small-mixed	strata.loads	30	115935.885
new	L0	small-mixed	orjson.loads	30	130123.174
new	L0	small-mixed	orjson.loads	31	134433.000
new	L0	small-mixed	strata.loads	31	116006.385
new	L0	small-mixed	strata.loads	32	115389.423
new	L0	small-mixed	orjson.loads	32	130150.348
new	L0	small-mixed	orjson.loads	33	127039.870
new	L0	small-mixed	strata.loads	33	119016.038
new	L0	small-mixed	strata.loads	34	112403.846
new	L0	small-mixed	orjson.loads	34	130135.870
new	L0	small-mixed	orjson.loads	35	128909.435
new	L0	small-mixed	strata.loads	35	112033.654
new	L0	small-mixed	strata.loads	36	110480.769
new	L0	small-mixed	orjson.loads	36	120773.522
new	L0	small-mixed	orjson.loads	37	123451.087
new	L0	small-mixed	strata.loads	37	112536.846
new	L0	small-mixed	strata.loads	38	112951.923
new	L0	small-mixed	orjson.loads	38	124117.739
new	L0	small-mixed	orjson.loads	39	122739.130
new	L0	small-mixed	strata.loads	39	113326.923
new	L0	small-mixed	strata.loads	40	107770.846
new	L0	small-mixed	orjson.loads	40	119139.478
new	L0	small-mixed	orjson.loads	41	125876.783
new	L0	small-mixed	strata.loads	41	112070.538
new	L0	small-mixed	strata.loads	42	110250.000
new	L0	small-mixed	orjson.loads	42	123324.261
new	L0	small-mixed	orjson.loads	43	124275.391
new	L0	small-mixed	strata.loads	43	113051.269
new	L0	small-mixed	strata.loads	44	112958.346
new	L0	small-mixed	orjson.loads	44	121992.739
new	L0	small-mixed	orjson.loads	45	120963.739
new	L0	small-mixed	strata.loads	45	110322.115
new	L0	small-mixed	strata.loads	46	108967.923
new	L0	small-mixed	orjson.loads	46	122561.609
new	L0	small-mixed	orjson.loads	47	120230.043
new	L0	small-mixed	strata.loads	47	112277.231
new	L0	small-mixed	strata.loads	48	110028.846
new	L0	small-mixed	orjson.loads	48	132876.783
new	L0	small-mixed	orjson.loads	49	134992.783
new	L0	small-mixed	strata.loads	49	121915.077
new	L0	small-mixed	strata.loads	50	122857.346
new	L0	small-mixed	orjson.loads	50	132666.652
new	L0	small-mixed	orjson.loads	51	136695.652
new	L0	small-mixed	strata.loads	51	111713.154
new	L0	small-mixed	strata.loads	52	114540.077
new	L0	small-mixed	orjson.loads	52	137554.348
new	L0	small-mixed	orjson.loads	53	139423.913
new	L0	small-mixed	strata.loads	53	124238.808
new	L0	small-mixed	strata.loads	54	110181.115
new	L0	small-mixed	orjson.loads	54	120143.130
new	L0	small-mixed	orjson.loads	55	122097.826
new	L0	small-mixed	strata.loads	55	112264.423
new	L0	small-mixed	strata.loads	56	115145.808
new	L0	small-mixed	orjson.loads	56	128436.609
new	L0	small-mixed	orjson.loads	57	124365.957
new	L0	small-mixed	strata.loads	57	113437.500
new	L0	small-mixed	strata.loads	58	111113.808
new	L0	small-mixed	orjson.loads	58	123751.783
new	L0	small-mixed	orjson.loads	59	124068.826
new	L0	small-mixed	strata.loads	59	112496.808
new	L0	small-mixed	strata.loads	60	111719.577
new	L0	small-mixed	orjson.loads	60	122717.391
main	L1	tiny	strata.loads	0	221.468
main	L1	tiny	orjson.loads	0	126.701
main	L1	tiny	orjson.loads	1	140.582
main	L1	tiny	strata.loads	1	203.636
main	L1	tiny	strata.loads	2	197.488
main	L1	tiny	orjson.loads	2	136.597
main	L1	tiny	orjson.loads	3	126.719
main	L1	tiny	strata.loads	3	215.945
main	L1	tiny	strata.loads	4	202.358
main	L1	tiny	orjson.loads	4	120.321
main	L1	tiny	orjson.loads	5	125.625
main	L1	tiny	strata.loads	5	193.761
main	L1	tiny	strata.loads	6	201.946
main	L1	tiny	orjson.loads	6	131.580
main	L1	tiny	orjson.loads	7	125.460
main	L1	tiny	strata.loads	7	207.708
main	L1	tiny	strata.loads	8	204.035
main	L1	tiny	orjson.loads	8	127.535
main	L1	tiny	orjson.loads	9	120.738
main	L1	tiny	strata.loads	9	212.951
main	L1	tiny	strata.loads	10	206.324
main	L1	tiny	orjson.loads	10	120.608
main	L1	tiny	orjson.loads	11	120.556
main	L1	tiny	strata.loads	11	203.796
main	L1	tiny	strata.loads	12	197.780
main	L1	tiny	orjson.loads	12	117.517
main	L1	tiny	orjson.loads	13	116.441
main	L1	tiny	strata.loads	13	205.179
main	L1	tiny	strata.loads	14	191.353
main	L1	tiny	orjson.loads	14	117.448
main	L1	tiny	orjson.loads	15	117.040
main	L1	tiny	strata.loads	15	189.476
main	L1	tiny	strata.loads	16	191.712
main	L1	tiny	orjson.loads	16	117.274
main	L1	tiny	orjson.loads	17	117.057
main	L1	tiny	strata.loads	17	190.953
main	L1	tiny	strata.loads	18	189.064
main	L1	tiny	orjson.loads	18	116.441
main	L1	tiny	orjson.loads	19	116.467
main	L1	tiny	strata.loads	19	188.651
main	L1	tiny	strata.loads	20	189.503
main	L1	tiny	orjson.loads	20	116.597
main	L1	tiny	orjson.loads	21	116.371
main	L1	tiny	strata.loads	21	191.007
main	L1	tiny	strata.loads	22	188.824
main	L1	tiny	orjson.loads	22	116.450
main	L1	tiny	orjson.loads	23	116.380
main	L1	tiny	strata.loads	23	189.077
main	L1	tiny	strata.loads	24	191.353
main	L1	tiny	orjson.loads	24	116.371
main	L1	tiny	orjson.loads	25	116.502
main	L1	tiny	strata.loads	25	190.687
main	L1	tiny	strata.loads	26	190.474
main	L1	tiny	orjson.loads	26	116.432
main	L1	tiny	orjson.loads	27	116.328
main	L1	tiny	strata.loads	27	189.742
main	L1	tiny	strata.loads	28	189.476
main	L1	tiny	orjson.loads	28	117.734
main	L1	tiny	orjson.loads	29	118.759
main	L1	tiny	strata.loads	29	192.617
main	L1	tiny	strata.loads	30	193.296
main	L1	tiny	orjson.loads	30	119.818
main	L1	tiny	orjson.loads	31	118.559
main	L1	tiny	strata.loads	31	196.543
main	L1	tiny	strata.loads	32	196.636
main	L1	tiny	orjson.loads	32	120.816
main	L1	tiny	orjson.loads	33	119.332
main	L1	tiny	strata.loads	33	192.377
main	L1	tiny	strata.loads	34	192.098
main	L1	tiny	orjson.loads	34	120.096
main	L1	tiny	orjson.loads	35	118.195
main	L1	tiny	strata.loads	35	192.936
main	L1	tiny	strata.loads	36	190.554
main	L1	tiny	orjson.loads	36	116.467
main	L1	tiny	orjson.loads	37	116.397
main	L1	tiny	strata.loads	37	189.370
main	L1	tiny	strata.loads	38	188.571
main	L1	tiny	orjson.loads	38	116.684
main	L1	tiny	orjson.loads	39	116.233
main	L1	tiny	strata.loads	39	192.284
main	L1	tiny	strata.loads	40	196.556
main	L1	tiny	orjson.loads	40	121.996
main	L1	tiny	orjson.loads	41	119.132
main	L1	tiny	strata.loads	41	194.573
main	L1	tiny	strata.loads	42	192.617
main	L1	tiny	orjson.loads	42	122.708
main	L1	tiny	orjson.loads	43	116.415
main	L1	tiny	strata.loads	43	189.143
main	L1	tiny	strata.loads	44	189.716
main	L1	tiny	orjson.loads	44	116.380
main	L1	tiny	orjson.loads	45	116.493
main	L1	tiny	strata.loads	45	188.585
main	L1	tiny	strata.loads	46	189.982
main	L1	tiny	orjson.loads	46	121.892
main	L1	tiny	orjson.loads	47	117.769
main	L1	tiny	strata.loads	47	193.894
main	L1	tiny	strata.loads	48	189.263
main	L1	tiny	orjson.loads	48	116.371
main	L1	tiny	orjson.loads	49	116.346
main	L1	tiny	strata.loads	49	192.830
main	L1	tiny	strata.loads	50	188.571
main	L1	tiny	orjson.loads	50	117.752
main	L1	tiny	orjson.loads	51	116.502
main	L1	tiny	strata.loads	51	189.037
main	L1	tiny	strata.loads	52	200.003
main	L1	tiny	orjson.loads	52	129.714
main	L1	tiny	orjson.loads	53	127.552
main	L1	tiny	strata.loads	53	197.501
main	L1	tiny	strata.loads	54	197.168
main	L1	tiny	orjson.loads	54	128.498
main	L1	tiny	orjson.loads	55	126.649
main	L1	tiny	strata.loads	55	208.999
main	L1	tiny	strata.loads	56	202.292
main	L1	tiny	orjson.loads	56	134.045
main	L1	tiny	orjson.loads	57	125.451
main	L1	tiny	strata.loads	57	202.904
main	L1	tiny	strata.loads	58	202.558
main	L1	tiny	orjson.loads	58	132.161
main	L1	tiny	orjson.loads	59	124.375
main	L1	tiny	strata.loads	59	204.873
main	L1	tiny	strata.loads	60	192.058
main	L1	tiny	orjson.loads	60	126.693
main	L1	small-mixed	strata.loads	0	115865.000
main	L1	small-mixed	orjson.loads	0	124094.682
main	L1	small-mixed	orjson.loads	1	123638.273
main	L1	small-mixed	strata.loads	1	110315.000
main	L1	small-mixed	strata.loads	2	112258.320
main	L1	small-mixed	orjson.loads	2	124181.818
main	L1	small-mixed	orjson.loads	3	119458.364
main	L1	small-mixed	strata.loads	3	108231.680
main	L1	small-mixed	strata.loads	4	106850.000
main	L1	small-mixed	orjson.loads	4	117028.409
main	L1	small-mixed	orjson.loads	5	116303.000
main	L1	small-mixed	strata.loads	5	110441.680
main	L1	small-mixed	strata.loads	6	107801.680
main	L1	small-mixed	orjson.loads	6	117583.364
main	L1	small-mixed	orjson.loads	7	116350.364
main	L1	small-mixed	strata.loads	7	105865.000
main	L1	small-mixed	strata.loads	8	105481.640
main	L1	small-mixed	orjson.loads	8	116895.864
main	L1	small-mixed	orjson.loads	9	115929.909
main	L1	small-mixed	strata.loads	9	105720.000
main	L1	small-mixed	strata.loads	10	105713.320
main	L1	small-mixed	orjson.loads	10	116098.500
main	L1	small-mixed	orjson.loads	11	115748.136
main	L1	small-mixed	strata.loads	11	105606.640
main	L1	small-mixed	strata.loads	12	105413.320
main	L1	small-mixed	orjson.loads	12	116382.591
main	L1	small-mixed	orjson.loads	13	115931.818
main	L1	small-mixed	strata.loads	13	105481.680
main	L1	small-mixed	strata.loads	14	105645.000
main	L1	small-mixed	orjson.loads	14	116481.045
main	L1	small-mixed	orjson.loads	15	115916.682
main	L1	small-mixed	strata.loads	15	106058.360
main	L1	small-mixed	strata.loads	16	108371.680
main	L1	small-mixed	orjson.loads	16	119600.364
main	L1	small-mixed	orjson.loads	17	125924.227
main	L1	small-mixed	strata.loads	17	120390.000
main	L1	small-mixed	strata.loads	18	121155.000
main	L1	small-mixed	orjson.loads	18	120411.000
main	L1	small-mixed	orjson.loads	19	125399.636
main	L1	small-mixed	strata.loads	19	114928.320
main	L1	small-mixed	strata.loads	20	112985.000
main	L1	small-mixed	orjson.loads	20	119907.182
main	L1	small-mixed	orjson.loads	21	117679.909
main	L1	small-mixed	strata.loads	21	106466.680
main	L1	small-mixed	strata.loads	22	110881.680
main	L1	small-mixed	orjson.loads	22	125916.682
main	L1	small-mixed	orjson.loads	23	118138.273
main	L1	small-mixed	strata.loads	23	106043.320
main	L1	small-mixed	strata.loads	24	105376.680
main	L1	small-mixed	orjson.loads	24	116435.636
main	L1	small-mixed	orjson.loads	25	116147.727
main	L1	small-mixed	strata.loads	25	105788.320
main	L1	small-mixed	strata.loads	26	105465.000
main	L1	small-mixed	orjson.loads	26	116418.545
main	L1	small-mixed	orjson.loads	27	116022.727
main	L1	small-mixed	strata.loads	27	105516.680
main	L1	small-mixed	strata.loads	28	105660.000
main	L1	small-mixed	orjson.loads	28	116469.727
main	L1	small-mixed	orjson.loads	29	115759.455
main	L1	small-mixed	strata.loads	29	105945.000
main	L1	small-mixed	strata.loads	30	107790.000
main	L1	small-mixed	orjson.loads	30	130850.364
main	L1	small-mixed	orjson.loads	31	133668.591
main	L1	small-mixed	strata.loads	31	115475.000
main	L1	small-mixed	strata.loads	32	111798.320
main	L1	small-mixed	orjson.loads	32	125566.273
main	L1	small-mixed	orjson.loads	33	125589.000
main	L1	small-mixed	strata.loads	33	118588.320
main	L1	small-mixed	strata.loads	34	108341.680
main	L1	small-mixed	orjson.loads	34	126880.682
main	L1	small-mixed	orjson.loads	35	123411.000
main	L1	small-mixed	strata.loads	35	107613.320
main	L1	small-mixed	strata.loads	36	114368.320
main	L1	small-mixed	orjson.loads	36	117691.273
main	L1	small-mixed	orjson.loads	37	116837.136
main	L1	small-mixed	strata.loads	37	106431.680
main	L1	small-mixed	strata.loads	38	106240.000
main	L1	small-mixed	orjson.loads	38	118176.136
main	L1	small-mixed	orjson.loads	39	116026.500
main	L1	small-mixed	strata.loads	39	106981.640
main	L1	small-mixed	strata.loads	40	106208.320
main	L1	small-mixed	orjson.loads	40	116448.864
main	L1	small-mixed	orjson.loads	41	116089.045
main	L1	small-mixed	strata.loads	41	106011.680
main	L1	small-mixed	strata.loads	42	105818.360
main	L1	small-mixed	orjson.loads	42	116161.000
main	L1	small-mixed	orjson.loads	43	116926.136
main	L1	small-mixed	strata.loads	43	107678.360
main	L1	small-mixed	strata.loads	44	108386.680
main	L1	small-mixed	orjson.loads	44	119875.000
main	L1	small-mixed	orjson.loads	45	121929.909
main	L1	small-mixed	strata.loads	45	109133.320
main	L1	small-mixed	strata.loads	46	109176.680
main	L1	small-mixed	orjson.loads	46	116524.636
main	L1	small-mixed	orjson.loads	47	115861.773
main	L1	small-mixed	strata.loads	47	107616.680
main	L1	small-mixed	strata.loads	48	109118.320
main	L1	small-mixed	orjson.loads	48	118310.636
main	L1	small-mixed	orjson.loads	49	116062.500
main	L1	small-mixed	strata.loads	49	105793.320
main	L1	small-mixed	strata.loads	50	105436.680
main	L1	small-mixed	orjson.loads	50	116613.636
main	L1	small-mixed	orjson.loads	51	120056.818
main	L1	small-mixed	strata.loads	51	105813.360
main	L1	small-mixed	strata.loads	52	109875.000
main	L1	small-mixed	orjson.loads	52	116875.000
main	L1	small-mixed	orjson.loads	53	116659.091
main	L1	small-mixed	strata.loads	53	107526.680
main	L1	small-mixed	strata.loads	54	105571.640
main	L1	small-mixed	orjson.loads	54	117920.455
main	L1	small-mixed	orjson.loads	55	116195.091
main	L1	small-mixed	strata.loads	55	106705.000
main	L1	small-mixed	strata.loads	56	106913.320
main	L1	small-mixed	orjson.loads	56	117606.045
main	L1	small-mixed	orjson.loads	57	117142.045
main	L1	small-mixed	strata.loads	57	106065.000
main	L1	small-mixed	strata.loads	58	111628.320
main	L1	small-mixed	orjson.loads	58	128575.727
main	L1	small-mixed	orjson.loads	59	126943.182
main	L1	small-mixed	strata.loads	59	117800.000
main	L1	small-mixed	strata.loads	60	112383.320
main	L1	small-mixed	orjson.loads	60	117143.955
main	L2	tiny	strata.loads	0	196.323
main	L2	tiny	orjson.loads	0	117.962
main	L2	tiny	orjson.loads	1	118.934
main	L2	tiny	strata.loads	1	201.906
main	L2	tiny	strata.loads	2	194.479
main	L2	tiny	orjson.loads	2	117.970
main	L2	tiny	orjson.loads	3	119.655
main	L2	tiny	strata.loads	3	192.271
main	L2	tiny	strata.loads	4	193.708
main	L2	tiny	orjson.loads	4	117.225
main	L2	tiny	orjson.loads	5	116.278
main	L2	tiny	strata.loads	5	192.864
main	L2	tiny	strata.loads	6	192.188
main	L2	tiny	orjson.loads	6	116.950
main	L2	tiny	orjson.loads	7	116.569
main	L2	tiny	strata.loads	7	192.125
main	L2	tiny	strata.loads	8	194.542
main	L2	tiny	orjson.loads	8	116.634
main	L2	tiny	orjson.loads	9	118.011
main	L2	tiny	strata.loads	9	192.083
main	L2	tiny	strata.loads	10	192.000
main	L2	tiny	orjson.loads	10	116.553
main	L2	tiny	orjson.loads	11	116.367
main	L2	tiny	strata.loads	11	192.062
main	L2	tiny	strata.loads	12	195.938
main	L2	tiny	orjson.loads	12	117.849
main	L2	tiny	orjson.loads	13	121.623
main	L2	tiny	strata.loads	13	197.989
main	L2	tiny	strata.loads	14	196.552
main	L2	tiny	orjson.loads	14	118.197
main	L2	tiny	orjson.loads	15	120.262
main	L2	tiny	strata.loads	15	202.886
main	L2	tiny	strata.loads	16	199.844
main	L2	tiny	orjson.loads	16	121.177
main	L2	tiny	orjson.loads	17	119.242
main	L2	tiny	strata.loads	17	195.812
main	L2	tiny	strata.loads	18	196.042
main	L2	tiny	orjson.loads	18	118.537
main	L2	tiny	orjson.loads	19	119.080
main	L2	tiny	strata.loads	19	195.510
main	L2	tiny	strata.loads	20	195.135
main	L2	tiny	orjson.loads	20	117.898
main	L2	tiny	orjson.loads	21	116.513
main	L2	tiny	strata.loads	21	192.323
main	L2	tiny	strata.loads	22	191.979
main	L2	tiny	orjson.loads	22	118.797
main	L2	tiny	orjson.loads	23	129.964
main	L2	tiny	strata.loads	23	201.354
main	L2	tiny	strata.loads	24	200.636
main	L2	tiny	orjson.loads	24	120.165
main	L2	tiny	orjson.loads	25	118.748
main	L2	tiny	strata.loads	25	195.521
main	L2	tiny	strata.loads	26	196.271
main	L2	tiny	orjson.loads	26	116.748
main	L2	tiny	orjson.loads	27	116.853
main	L2	tiny	strata.loads	27	192.542
main	L2	tiny	strata.loads	28	191.958
main	L2	tiny	orjson.loads	28	116.286
main	L2	tiny	orjson.loads	29	116.893
main	L2	tiny	strata.loads	29	193.354
main	L2	tiny	strata.loads	30	191.594
main	L2	tiny	orjson.loads	30	118.521
main	L2	tiny	orjson.loads	31	116.505
main	L2	tiny	strata.loads	31	192.312
main	L2	tiny	strata.loads	32	194.073
main	L2	tiny	orjson.loads	32	116.659
main	L2	tiny	orjson.loads	33	116.416
main	L2	tiny	strata.loads	33	192.583
main	L2	tiny	strata.loads	34	192.792
main	L2	tiny	orjson.loads	34	116.424
main	L2	tiny	orjson.loads	35	116.586
main	L2	tiny	strata.loads	35	193.136
main	L2	tiny	strata.loads	36	192.104
main	L2	tiny	orjson.loads	36	116.577
main	L2	tiny	orjson.loads	37	118.886
main	L2	tiny	strata.loads	37	195.979
main	L2	tiny	strata.loads	38	198.729
main	L2	tiny	orjson.loads	38	118.003
main	L2	tiny	orjson.loads	39	117.509
main	L2	tiny	strata.loads	39	191.739
main	L2	tiny	strata.loads	40	194.500
main	L2	tiny	orjson.loads	40	116.958
main	L2	tiny	orjson.loads	41	116.351
main	L2	tiny	strata.loads	41	191.344
main	L2	tiny	strata.loads	42	191.854
main	L2	tiny	orjson.loads	42	116.731
main	L2	tiny	orjson.loads	43	116.691
main	L2	tiny	strata.loads	43	193.500
main	L2	tiny	strata.loads	44	191.729
main	L2	tiny	orjson.loads	44	116.529
main	L2	tiny	orjson.loads	45	118.311
main	L2	tiny	strata.loads	45	192.917
main	L2	tiny	strata.loads	46	191.667
main	L2	tiny	orjson.loads	46	116.408
main	L2	tiny	orjson.loads	47	116.310
main	L2	tiny	strata.loads	47	191.562
main	L2	tiny	strata.loads	48	193.833
main	L2	tiny	orjson.loads	48	116.545
main	L2	tiny	orjson.loads	49	117.809
main	L2	tiny	strata.loads	49	198.323
main	L2	tiny	strata.loads	50	195.948
main	L2	tiny	orjson.loads	50	120.603
main	L2	tiny	orjson.loads	51	119.064
main	L2	tiny	strata.loads	51	199.677
main	L2	tiny	strata.loads	52	200.333
main	L2	tiny	orjson.loads	52	120.351
main	L2	tiny	orjson.loads	53	121.663
main	L2	tiny	strata.loads	53	197.854
main	L2	tiny	strata.loads	54	198.844
main	L2	tiny	orjson.loads	54	121.251
main	L2	tiny	orjson.loads	55	120.902
main	L2	tiny	strata.loads	55	199.938
main	L2	tiny	strata.loads	56	198.062
main	L2	tiny	orjson.loads	56	116.974
main	L2	tiny	orjson.loads	57	116.488
main	L2	tiny	strata.loads	57	191.698
main	L2	tiny	strata.loads	58	193.333
main	L2	tiny	orjson.loads	58	116.480
main	L2	tiny	orjson.loads	59	118.651
main	L2	tiny	strata.loads	59	197.927
main	L2	tiny	strata.loads	60	201.636
main	L2	tiny	orjson.loads	60	119.947
main	L2	small-mixed	strata.loads	0	111373.385
main	L2	small-mixed	orjson.loads	0	119640.625
main	L2	small-mixed	orjson.loads	1	119159.750
main	L2	small-mixed	strata.loads	1	109185.923
main	L2	small-mixed	strata.loads	2	108176.269
main	L2	small-mixed	orjson.loads	2	121352.417
main	L2	small-mixed	orjson.loads	3	119925.333
main	L2	small-mixed	strata.loads	3	108286.846
main	L2	small-mixed	strata.loads	4	108576.923
main	L2	small-mixed	orjson.loads	4	119512.167
main	L2	small-mixed	orjson.loads	5	119444.417
main	L2	small-mixed	strata.loads	5	107892.615
main	L2	small-mixed	strata.loads	6	108105.769
main	L2	small-mixed	orjson.loads	6	119340.292
main	L2	small-mixed	orjson.loads	7	118784.708
main	L2	small-mixed	strata.loads	7	108084.923
main	L2	small-mixed	strata.loads	8	108296.500
main	L2	small-mixed	orjson.loads	8	119312.500
main	L2	small-mixed	orjson.loads	9	120991.333
main	L2	small-mixed	strata.loads	9	111245.192
main	L2	small-mixed	strata.loads	10	113068.923
main	L2	small-mixed	orjson.loads	10	121918.417
main	L2	small-mixed	orjson.loads	11	121236.125
main	L2	small-mixed	strata.loads	11	109650.654
main	L2	small-mixed	strata.loads	12	108181.115
main	L2	small-mixed	orjson.loads	12	121217.000
main	L2	small-mixed	orjson.loads	13	122986.083
main	L2	small-mixed	strata.loads	13	110621.769
main	L2	small-mixed	strata.loads	14	107870.192
main	L2	small-mixed	orjson.loads	14	119303.833
main	L2	small-mixed	orjson.loads	15	119199.625
main	L2	small-mixed	strata.loads	15	108275.654
main	L2	small-mixed	strata.loads	16	107967.923
main	L2	small-mixed	orjson.loads	16	119319.458
main	L2	small-mixed	orjson.loads	17	118751.708
main	L2	small-mixed	strata.loads	17	108145.808
main	L2	small-mixed	strata.loads	18	107891.038
main	L2	small-mixed	orjson.loads	18	119697.917
main	L2	small-mixed	orjson.loads	19	119421.875
main	L2	small-mixed	strata.loads	19	108447.115
main	L2	small-mixed	strata.loads	20	107964.769
main	L2	small-mixed	orjson.loads	20	119831.583
main	L2	small-mixed	orjson.loads	21	118965.250
main	L2	small-mixed	strata.loads	21	108105.769
main	L2	small-mixed	strata.loads	22	107860.577
main	L2	small-mixed	orjson.loads	22	123355.917
main	L2	small-mixed	orjson.loads	23	122359.375
main	L2	small-mixed	strata.loads	23	113918.269
main	L2	small-mixed	strata.loads	24	109911.846
main	L2	small-mixed	orjson.loads	24	121616.333
main	L2	small-mixed	orjson.loads	25	125739.583
main	L2	small-mixed	strata.loads	25	108650.615
main	L2	small-mixed	strata.loads	26	110725.962
main	L2	small-mixed	orjson.loads	26	122949.667
main	L2	small-mixed	orjson.loads	27	120973.958
main	L2	small-mixed	strata.loads	27	109647.423
main	L2	small-mixed	strata.loads	28	108009.615
main	L2	small-mixed	orjson.loads	28	119750.000
main	L2	small-mixed	orjson.loads	29	119399.292
main	L2	small-mixed	strata.loads	29	108219.577
main	L2	small-mixed	strata.loads	30	108115.385
main	L2	small-mixed	orjson.loads	30	119975.708
main	L2	small-mixed	orjson.loads	31	119083.333
main	L2	small-mixed	strata.loads	31	108693.923
main	L2	small-mixed	strata.loads	32	108820.500
main	L2	small-mixed	orjson.loads	32	120668.417
main	L2	small-mixed	orjson.loads	33	118913.167
main	L2	small-mixed	strata.loads	33	108195.500
main	L2	small-mixed	strata.loads	34	107995.192
main	L2	small-mixed	orjson.loads	34	119763.875
main	L2	small-mixed	orjson.loads	35	118881.958
main	L2	small-mixed	strata.loads	35	110721.154
main	L2	small-mixed	strata.loads	36	110030.462
main	L2	small-mixed	orjson.loads	36	123105.875
main	L2	small-mixed	orjson.loads	37	122611.125
main	L2	small-mixed	strata.loads	37	112379.808
main	L2	small-mixed	strata.loads	38	110362.154
main	L2	small-mixed	orjson.loads	38	121652.750
main	L2	small-mixed	orjson.loads	39	119732.625
main	L2	small-mixed	strata.loads	39	108222.769
main	L2	small-mixed	strata.loads	40	112370.192
main	L2	small-mixed	orjson.loads	40	121944.417
main	L2	small-mixed	orjson.loads	41	119838.542
main	L2	small-mixed	strata.loads	41	108336.538
main	L2	small-mixed	strata.loads	42	108084.962
main	L2	small-mixed	orjson.loads	42	119949.667
main	L2	small-mixed	orjson.loads	43	119399.292
main	L2	small-mixed	strata.loads	43	108136.231
main	L2	small-mixed	strata.loads	44	107993.577
main	L2	small-mixed	orjson.loads	44	119479.167
main	L2	small-mixed	orjson.loads	45	119494.792
main	L2	small-mixed	strata.loads	45	111604.154
main	L2	small-mixed	strata.loads	46	108485.577
main	L2	small-mixed	orjson.loads	46	119781.250
main	L2	small-mixed	orjson.loads	47	119112.875
main	L2	small-mixed	strata.loads	47	108165.077
main	L2	small-mixed	strata.loads	48	107871.808
main	L2	small-mixed	orjson.loads	48	119682.292
main	L2	small-mixed	orjson.loads	49	119197.917
main	L2	small-mixed	strata.loads	49	110341.346
main	L2	small-mixed	strata.loads	50	110918.269
main	L2	small-mixed	orjson.loads	50	124173.625
main	L2	small-mixed	orjson.loads	51	121908.000
main	L2	small-mixed	strata.loads	51	110222.769
main	L2	small-mixed	strata.loads	52	109304.500
main	L2	small-mixed	orjson.loads	52	119498.292
main	L2	small-mixed	orjson.loads	53	120503.458
main	L2	small-mixed	strata.loads	53	112145.808
main	L2	small-mixed	strata.loads	54	110288.462
main	L2	small-mixed	orjson.loads	54	119677.083
main	L2	small-mixed	orjson.loads	55	118958.333
main	L2	small-mixed	strata.loads	55	108043.269
main	L2	small-mixed	strata.loads	56	107841.346
main	L2	small-mixed	orjson.loads	56	119489.583
main	L2	small-mixed	orjson.loads	57	119578.125
main	L2	small-mixed	strata.loads	57	108184.308
main	L2	small-mixed	strata.loads	58	108192.308
main	L2	small-mixed	orjson.loads	58	119536.458
main	L2	small-mixed	orjson.loads	59	119131.958
main	L2	small-mixed	strata.loads	59	108410.269
main	L2	small-mixed	strata.loads	60	109187.500
main	L2	small-mixed	orjson.loads	60	119644.125
new	L3	tiny	strata.loads	0	181.369
new	L3	tiny	orjson.loads	0	121.603
new	L3	tiny	orjson.loads	1	118.855
new	L3	tiny	strata.loads	1	180.545
new	L3	tiny	strata.loads	2	180.116
new	L3	tiny	orjson.loads	2	119.987
new	L3	tiny	orjson.loads	3	116.298
new	L3	tiny	strata.loads	3	177.523
new	L3	tiny	strata.loads	4	176.468
new	L3	tiny	orjson.loads	4	116.291
new	L3	tiny	orjson.loads	5	117.863
new	L3	tiny	strata.loads	5	176.787
new	L3	tiny	strata.loads	6	176.512
new	L3	tiny	orjson.loads	6	116.069
new	L3	tiny	orjson.loads	7	116.374
new	L3	tiny	strata.loads	7	176.512
new	L3	tiny	strata.loads	8	176.963
new	L3	tiny	orjson.loads	8	116.266
new	L3	tiny	orjson.loads	9	116.164
new	L3	tiny	strata.loads	9	176.820
new	L3	tiny	strata.loads	10	177.292
new	L3	tiny	orjson.loads	10	116.323
new	L3	tiny	orjson.loads	11	116.336
new	L3	tiny	strata.loads	11	179.204
new	L3	tiny	strata.loads	12	181.193
new	L3	tiny	orjson.loads	12	118.505
new	L3	tiny	orjson.loads	13	116.170
new	L3	tiny	strata.loads	13	178.699
new	L3	tiny	strata.loads	14	176.303
new	L3	tiny	orjson.loads	14	116.431
new	L3	tiny	orjson.loads	15	116.336
new	L3	tiny	strata.loads	15	177.567
new	L3	tiny	strata.loads	16	176.512
new	L3	tiny	orjson.loads	16	116.476
new	L3	tiny	orjson.loads	17	116.215
new	L3	tiny	strata.loads	17	175.874
new	L3	tiny	strata.loads	18	176.336
new	L3	tiny	orjson.loads	18	116.361
new	L3	tiny	orjson.loads	19	116.234
new	L3	tiny	strata.loads	19	176.402
new	L3	tiny	strata.loads	20	176.413
new	L3	tiny	orjson.loads	20	116.603
new	L3	tiny	orjson.loads	21	116.349
new	L3	tiny	strata.loads	21	177.226
new	L3	tiny	strata.loads	22	177.237
new	L3	tiny	orjson.loads	22	118.785
new	L3	tiny	orjson.loads	23	116.489
new	L3	tiny	strata.loads	23	176.501
new	L3	tiny	strata.loads	24	178.083
new	L3	tiny	orjson.loads	24	116.240
new	L3	tiny	orjson.loads	25	116.260
new	L3	tiny	strata.loads	25	177.874
new	L3	tiny	strata.loads	26	193.653
new	L3	tiny	orjson.loads	26	120.490
new	L3	tiny	orjson.loads	27	119.790
new	L3	tiny	strata.loads	27	176.831
new	L3	tiny	strata.loads	28	177.589
new	L3	tiny	orjson.loads	28	118.295
new	L3	tiny	orjson.loads	29	124.319
new	L3	tiny	strata.loads	29	180.314
new	L3	tiny	strata.loads	30	178.303
new	L3	tiny	orjson.loads	30	118.219
new	L3	tiny	orjson.loads	31	118.709
new	L3	tiny	strata.loads	31	181.742
new	L3	tiny	strata.loads	32	179.358
new	L3	tiny	orjson.loads	32	117.672
new	L3	tiny	orjson.loads	33	117.945
new	L3	tiny	strata.loads	33	176.644
new	L3	tiny	strata.loads	34	176.677
new	L3	tiny	orjson.loads	34	116.374
new	L3	tiny	orjson.loads	35	116.457
new	L3	tiny	strata.loads	35	177.710
new	L3	tiny	strata.loads	36	182.545
new	L3	tiny	orjson.loads	36	121.787
new	L3	tiny	orjson.loads	37	120.204
new	L3	tiny	strata.loads	37	181.709
new	L3	tiny	strata.loads	38	179.061
new	L3	tiny	orjson.loads	38	118.314
new	L3	tiny	orjson.loads	39	116.387
new	L3	tiny	strata.loads	39	176.215
new	L3	tiny	strata.loads	40	176.215
new	L3	tiny	orjson.loads	40	116.221
new	L3	tiny	orjson.loads	41	116.215
new	L3	tiny	strata.loads	41	176.116
new	L3	tiny	strata.loads	42	176.237
new	L3	tiny	orjson.loads	42	116.158
new	L3	tiny	orjson.loads	43	116.260
new	L3	tiny	strata.loads	43	176.655
new	L3	tiny	strata.loads	44	177.951
new	L3	tiny	orjson.loads	44	116.279
new	L3	tiny	orjson.loads	45	116.304
new	L3	tiny	strata.loads	45	175.798
new	L3	tiny	strata.loads	46	178.501
new	L3	tiny	orjson.loads	46	117.322
new	L3	tiny	orjson.loads	47	117.086
new	L3	tiny	strata.loads	47	178.149
new	L3	tiny	strata.loads	48	177.215
new	L3	tiny	orjson.loads	48	116.298
new	L3	tiny	orjson.loads	49	116.457
new	L3	tiny	strata.loads	49	176.699
new	L3	tiny	strata.loads	50	176.578
new	L3	tiny	orjson.loads	50	116.457
new	L3	tiny	orjson.loads	51	116.788
new	L3	tiny	strata.loads	51	176.600
new	L3	tiny	strata.loads	52	176.127
new	L3	tiny	orjson.loads	52	116.450
new	L3	tiny	orjson.loads	53	116.310
new	L3	tiny	strata.loads	53	176.842
new	L3	tiny	strata.loads	54	176.424
new	L3	tiny	orjson.loads	54	116.329
new	L3	tiny	orjson.loads	55	116.393
new	L3	tiny	strata.loads	55	176.545
new	L3	tiny	strata.loads	56	180.775
new	L3	tiny	orjson.loads	56	116.272
new	L3	tiny	orjson.loads	57	116.215
new	L3	tiny	strata.loads	57	176.435
new	L3	tiny	strata.loads	58	175.798
new	L3	tiny	orjson.loads	58	117.685
new	L3	tiny	orjson.loads	59	118.734
new	L3	tiny	strata.loads	59	176.655
new	L3	tiny	strata.loads	60	176.589
new	L3	tiny	orjson.loads	60	117.551
new	L3	small-mixed	strata.loads	0	106364.185
new	L3	small-mixed	orjson.loads	0	119775.000
new	L3	small-mixed	orjson.loads	1	120923.320
new	L3	small-mixed	strata.loads	1	114742.296
new	L3	small-mixed	strata.loads	2	108978.370
new	L3	small-mixed	orjson.loads	2	120083.320
new	L3	small-mixed	orjson.loads	3	116833.320
new	L3	small-mixed	strata.loads	3	105748.444
new	L3	small-mixed	strata.loads	4	108212.963
new	L3	small-mixed	orjson.loads	4	119741.640
new	L3	small-mixed	orjson.loads	5	117765.000
new	L3	small-mixed	strata.loads	5	105851.852
new	L3	small-mixed	strata.loads	6	105722.222
new	L3	small-mixed	orjson.loads	6	116553.320
new	L3	small-mixed	orjson.loads	7	115960.000
new	L3	small-mixed	strata.loads	7	105438.259
new	L3	small-mixed	strata.loads	8	105481.481
new	L3	small-mixed	orjson.loads	8	116740.000
new	L3	small-mixed	orjson.loads	9	117085.000
new	L3	small-mixed	strata.loads	9	105563.259
new	L3	small-mixed	strata.loads	10	105800.926
new	L3	small-mixed	orjson.loads	10	116356.680
new	L3	small-mixed	orjson.loads	11	115910.000
new	L3	small-mixed	strata.loads	11	105325.630
new	L3	small-mixed	strata.loads	12	105694.444
new	L3	small-mixed	orjson.loads	12	117020.000
new	L3	small-mixed	orjson.loads	13	116006.640
new	L3	small-mixed	strata.loads	13	105560.185
new	L3	small-mixed	strata.loads	14	106649.704
new	L3	small-mixed	orjson.loads	14	118875.000
new	L3	small-mixed	orjson.loads	15	119503.320
new	L3	small-mixed	strata.loads	15	109529.333
new	L3	small-mixed	strata.loads	16	107242.259
new	L3	small-mixed	orjson.loads	16	118508.360
new	L3	small-mixed	orjson.loads	17	116825.000
new	L3	small-mixed	strata.loads	17	105884.259
new	L3	small-mixed	strata.loads	18	108483.037
new	L3	small-mixed	orjson.loads	18	119276.680
new	L3	small-mixed	orjson.loads	19	117303.360
new	L3	small-mixed	strata.loads	19	105930.556
new	L3	small-mixed	strata.loads	20	105287.037
new	L3	small-mixed	orjson.loads	20	117031.640
new	L3	small-mixed	orjson.loads	21	117190.000
new	L3	small-mixed	strata.loads	21	105462.963
new	L3	small-mixed	strata.loads	22	106003.111
new	L3	small-mixed	orjson.loads	22	117543.320
new	L3	small-mixed	orjson.loads	23	116683.320
new	L3	small-mixed	strata.loads	23	105337.963
new	L3	small-mixed	strata.loads	24	105637.370
new	L3	small-mixed	orjson.loads	24	117368.320
new	L3	small-mixed	orjson.loads	25	116165.000
new	L3	small-mixed	strata.loads	25	105535.481
new	L3	small-mixed	strata.loads	26	106097.222
new	L3	small-mixed	orjson.loads	26	116460.000
new	L3	small-mixed	orjson.loads	27	116345.000
new	L3	small-mixed	strata.loads	27	105464.519
new	L3	small-mixed	strata.loads	28	107858.000
new	L3	small-mixed	orjson.loads	28	120243.320
new	L3	small-mixed	orjson.loads	29	126586.640
new	L3	small-mixed	strata.loads	29	108913.593
new	L3	small-mixed	strata.loads	30	110271.630
new	L3	small-mixed	orjson.loads	30	120523.320
new	L3	small-mixed	orjson.loads	31	124653.320
new	L3	small-mixed	strata.loads	31	111774.704
new	L3	small-mixed	strata.loads	32	108268.519
new	L3	small-mixed	orjson.loads	32	118003.320
new	L3	small-mixed	orjson.loads	33	116341.640
new	L3	small-mixed	strata.loads	33	108174.370
new	L3	small-mixed	strata.loads	34	107191.370
new	L3	small-mixed	orjson.loads	34	119835.000
new	L3	small-mixed	orjson.loads	35	118151.680
new	L3	small-mixed	strata.loads	35	107614.222
new	L3	small-mixed	strata.loads	36	105828.704
new	L3	small-mixed	orjson.loads	36	116740.000
new	L3	small-mixed	orjson.loads	37	117331.640
new	L3	small-mixed	strata.loads	37	108373.481
new	L3	small-mixed	strata.loads	38	107811.704
new	L3	small-mixed	orjson.loads	38	117715.000
new	L3	small-mixed	orjson.loads	39	117885.000
new	L3	small-mixed	strata.loads	39	106421.296
new	L3	small-mixed	strata.loads	40	105501.556
new	L3	small-mixed	orjson.loads	40	117470.000
new	L3	small-mixed	orjson.loads	41	122668.320
new	L3	small-mixed	strata.loads	41	110475.296
new	L3	small-mixed	strata.loads	42	111328.704
new	L3	small-mixed	orjson.loads	42	120671.680
new	L3	small-mixed	orjson.loads	43	125450.000
new	L3	small-mixed	strata.loads	43	109966.037
new	L3	small-mixed	strata.loads	44	108084.889
new	L3	small-mixed	orjson.loads	44	122281.680
new	L3	small-mixed	orjson.loads	45	120811.640
new	L3	small-mixed	strata.loads	45	110552.444
new	L3	small-mixed	strata.loads	46	108304.000
new	L3	small-mixed	orjson.loads	46	116918.320
new	L3	small-mixed	orjson.loads	47	116428.320
new	L3	small-mixed	strata.loads	47	105632.704
new	L3	small-mixed	strata.loads	48	107203.704
new	L3	small-mixed	orjson.loads	48	118945.000
new	L3	small-mixed	orjson.loads	49	119168.360
new	L3	small-mixed	strata.loads	49	110058.630
new	L3	small-mixed	strata.loads	50	107182.111
new	L3	small-mixed	orjson.loads	50	117325.000
new	L3	small-mixed	orjson.loads	51	116810.000
new	L3	small-mixed	strata.loads	51	108625.000
new	L3	small-mixed	strata.loads	52	107759.259
new	L3	small-mixed	orjson.loads	52	119843.320
new	L3	small-mixed	orjson.loads	53	119038.320
new	L3	small-mixed	strata.loads	53	107098.778
new	L3	small-mixed	strata.loads	54	107870.370
new	L3	small-mixed	orjson.loads	54	122436.680
new	L3	small-mixed	orjson.loads	55	125753.320
new	L3	small-mixed	strata.loads	55	111455.259
new	L3	small-mixed	strata.loads	56	114586.407
new	L3	small-mixed	orjson.loads	56	118080.000
new	L3	small-mixed	orjson.loads	57	119435.000
new	L3	small-mixed	strata.loads	57	111512.333
new	L3	small-mixed	strata.loads	58	110737.667
new	L3	small-mixed	orjson.loads	58	119943.320
new	L3	small-mixed	orjson.loads	59	116785.000
new	L3	small-mixed	strata.loads	59	107044.741
new	L3	small-mixed	strata.loads	60	108992.296
new	L3	small-mixed	orjson.loads	60	119016.680
new	L4	tiny	strata.loads	0	194.090
new	L4	tiny	orjson.loads	0	128.724
new	L4	tiny	orjson.loads	1	121.666
new	L4	tiny	strata.loads	1	185.840
new	L4	tiny	strata.loads	2	195.582
new	L4	tiny	orjson.loads	2	126.712
new	L4	tiny	orjson.loads	3	123.605
new	L4	tiny	strata.loads	3	180.262
new	L4	tiny	strata.loads	4	191.336
new	L4	tiny	orjson.loads	4	127.125
new	L4	tiny	orjson.loads	5	123.564
new	L4	tiny	strata.loads	5	186.696
new	L4	tiny	strata.loads	6	183.421
new	L4	tiny	orjson.loads	6	127.069
new	L4	tiny	orjson.loads	7	122.550
new	L4	tiny	strata.loads	7	179.545
new	L4	tiny	strata.loads	8	179.441
new	L4	tiny	orjson.loads	8	123.645
new	L4	tiny	orjson.loads	9	121.382
new	L4	tiny	strata.loads	9	185.099
new	L4	tiny	strata.loads	10	185.631
new	L4	tiny	orjson.loads	10	121.447
new	L4	tiny	orjson.loads	11	126.063
new	L4	tiny	strata.loads	11	189.103
new	L4	tiny	strata.loads	12	192.643
new	L4	tiny	orjson.loads	12	116.409
new	L4	tiny	orjson.loads	13	117.536
new	L4	tiny	strata.loads	13	176.965
new	L4	tiny	strata.loads	14	178.469
new	L4	tiny	orjson.loads	14	116.603
new	L4	tiny	orjson.loads	15	116.628
new	L4	tiny	strata.loads	15	184.127
new	L4	tiny	strata.loads	16	177.983
new	L4	tiny	orjson.loads	16	118.064
new	L4	tiny	orjson.loads	17	122.112
new	L4	tiny	strata.loads	17	180.887
new	L4	tiny	strata.loads	18	178.307
new	L4	tiny	orjson.loads	18	118.080
new	L4	tiny	orjson.loads	19	123.158
new	L4	tiny	strata.loads	19	181.871
new	L4	tiny	strata.loads	20	178.874
new	L4	tiny	orjson.loads	20	119.402
new	L4	tiny	orjson.loads	21	122.209
new	L4	tiny	strata.loads	21	181.929
new	L4	tiny	strata.loads	22	179.834
new	L4	tiny	orjson.loads	22	117.098
new	L4	tiny	orjson.loads	23	117.577
new	L4	tiny	strata.loads	23	177.080
new	L4	tiny	strata.loads	24	178.839
new	L4	tiny	orjson.loads	24	116.571
new	L4	tiny	orjson.loads	25	118.453
new	L4	tiny	strata.loads	25	176.548
new	L4	tiny	strata.loads	26	180.482
new	L4	tiny	orjson.loads	26	120.319
new	L4	tiny	orjson.loads	27	120.068
new	L4	tiny	strata.loads	27	177.034
new	L4	tiny	strata.loads	28	180.482
new	L4	tiny	orjson.loads	28	121.163
new	L4	tiny	orjson.loads	29	120.051
new	L4	tiny	strata.loads	29	176.745
new	L4	tiny	strata.loads	30	177.937
new	L4	tiny	orjson.loads	30	122.209
new	L4	tiny	orjson.loads	31	118.867
new	L4	tiny	strata.loads	31	177.833
new	L4	tiny	strata.loads	32	176.826
new	L4	tiny	orjson.loads	32	117.228
new	L4	tiny	orjson.loads	33	116.254
new	L4	tiny	strata.loads	33	180.563
new	L4	tiny	strata.loads	34	177.775
new	L4	tiny	orjson.loads	34	117.455
new	L4	tiny	orjson.loads	35	116.644
new	L4	tiny	strata.loads	35	181.096
new	L4	tiny	strata.loads	36	181.905
new	L4	tiny	orjson.loads	36	119.427
new	L4	tiny	orjson.loads	37	118.640
new	L4	tiny	strata.loads	37	181.454
new	L4	tiny	strata.loads	38	188.489
new	L4	tiny	orjson.loads	38	127.053
new	L4	tiny	orjson.loads	39	127.296
new	L4	tiny	strata.loads	39	204.353
new	L4	tiny	strata.loads	40	198.822
new	L4	tiny	orjson.loads	40	117.626
new	L4	tiny	orjson.loads	41	124.197
new	L4	tiny	strata.loads	41	193.222
new	L4	tiny	strata.loads	42	184.671
new	L4	tiny	orjson.loads	42	118.810
new	L4	tiny	orjson.loads	43	126.144
new	L4	tiny	strata.loads	43	179.314
new	L4	tiny	strata.loads	44	178.503
new	L4	tiny	orjson.loads	44	119.986
new	L4	tiny	orjson.loads	45	122.258
new	L4	tiny	strata.loads	45	177.508
new	L4	tiny	strata.loads	46	179.765
new	L4	tiny	orjson.loads	46	116.360
new	L4	tiny	orjson.loads	47	116.352
new	L4	tiny	strata.loads	47	176.976
new	L4	tiny	strata.loads	48	180.158
new	L4	tiny	orjson.loads	48	118.153
new	L4	tiny	orjson.loads	49	125.835
new	L4	tiny	strata.loads	49	180.019
new	L4	tiny	strata.loads	50	189.751
new	L4	tiny	orjson.loads	50	122.696
new	L4	tiny	orjson.loads	51	121.430
new	L4	tiny	strata.loads	51	182.935
new	L4	tiny	strata.loads	52	177.659
new	L4	tiny	orjson.loads	52	119.394
new	L4	tiny	orjson.loads	53	116.360
new	L4	tiny	strata.loads	53	179.094
new	L4	tiny	strata.loads	54	177.185
new	L4	tiny	orjson.loads	54	116.863
new	L4	tiny	orjson.loads	55	116.263
new	L4	tiny	strata.loads	55	182.982
new	L4	tiny	strata.loads	56	176.791
new	L4	tiny	orjson.loads	56	116.401
new	L4	tiny	orjson.loads	57	117.204
new	L4	tiny	strata.loads	57	176.722
new	L4	tiny	strata.loads	58	177.578
new	L4	tiny	orjson.loads	58	116.993
new	L4	tiny	orjson.loads	59	116.579
new	L4	tiny	strata.loads	59	179.105
new	L4	tiny	strata.loads	60	179.198
new	L4	tiny	orjson.loads	60	118.437
new	L4	small-mixed	strata.loads	0	109132.704
new	L4	small-mixed	orjson.loads	0	120925.333
new	L4	small-mixed	orjson.loads	1	119156.250
new	L4	small-mixed	strata.loads	1	109018.519
new	L4	small-mixed	strata.loads	2	107703.704
new	L4	small-mixed	orjson.loads	2	117083.333
new	L4	small-mixed	orjson.loads	3	116809.042
new	L4	small-mixed	strata.loads	3	107367.296
new	L4	small-mixed	strata.loads	4	110629.630
new	L4	small-mixed	orjson.loads	4	122324.667
new	L4	small-mixed	orjson.loads	5	125098.958
new	L4	small-mixed	strata.loads	5	112575.630
new	L4	small-mixed	strata.loads	6	110444.444
new	L4	small-mixed	orjson.loads	6	119184.042
new	L4	small-mixed	orjson.loads	7	120168.375
new	L4	small-mixed	strata.loads	7	111882.741
new	L4	small-mixed	strata.loads	8	110628.074
new	L4	small-mixed	orjson.loads	8	122496.500
new	L4	small-mixed	orjson.loads	9	117883.667
new	L4	small-mixed	strata.loads	9	107782.407
new	L4	small-mixed	strata.loads	10	107890.444
new	L4	small-mixed	orjson.loads	10	119178.792
new	L4	small-mixed	orjson.loads	11	118244.792
new	L4	small-mixed	strata.loads	11	105975.296
new	L4	small-mixed	strata.loads	12	105814.815
new	L4	small-mixed	orjson.loads	12	117345.500
new	L4	small-mixed	orjson.loads	13	117059.000
new	L4	small-mixed	strata.loads	13	106941.333
new	L4	small-mixed	strata.loads	14	105979.926
new	L4	small-mixed	orjson.loads	14	118076.417
new	L4	small-mixed	orjson.loads	15	120477.417
new	L4	small-mixed	strata.loads	15	109319.444
new	L4	small-mixed	strata.loads	16	108983.000
new	L4	small-mixed	orjson.loads	16	120159.708
new	L4	small-mixed	orjson.loads	17	121531.250
new	L4	small-mixed	strata.loads	17	108583.333
new	L4	small-mixed	strata.loads	18	112510.815
new	L4	small-mixed	orjson.loads	18	119942.708
new	L4	small-mixed	orjson.loads	19	119607.667
new	L4	small-mixed	strata.loads	19	106916.667
new	L4	small-mixed	strata.loads	20	105578.704
new	L4	small-mixed	orjson.loads	20	117963.542
new	L4	small-mixed	orjson.loads	21	120800.333
new	L4	small-mixed	strata.loads	21	108513.889
new	L4	small-mixed	strata.loads	22	105853.407
new	L4	small-mixed	orjson.loads	22	116658.000
new	L4	small-mixed	orjson.loads	23	116633.708
new	L4	small-mixed	strata.loads	23	105929.000
new	L4	small-mixed	strata.loads	24	106694.444
new	L4	small-mixed	orjson.loads	24	116612.875
new	L4	small-mixed	orjson.loads	25	116286.458
new	L4	small-mixed	strata.loads	25	106046.296
new	L4	small-mixed	strata.loads	26	107449.074
new	L4	small-mixed	orjson.loads	26	118316.000
new	L4	small-mixed	orjson.loads	27	117807.292
new	L4	small-mixed	strata.loads	27	106501.556
new	L4	small-mixed	strata.loads	28	107009.259
new	L4	small-mixed	orjson.loads	28	117159.750
new	L4	small-mixed	orjson.loads	29	120399.333
new	L4	small-mixed	strata.loads	29	106510.815
new	L4	small-mixed	strata.loads	30	106555.556
new	L4	small-mixed	orjson.loads	30	120522.583
new	L4	small-mixed	orjson.loads	31	122085.083
new	L4	small-mixed	strata.loads	31	110333.333
new	L4	small-mixed	strata.loads	32	109330.259
new	L4	small-mixed	orjson.loads	32	119836.833
new	L4	small-mixed	orjson.loads	33	116519.083
new	L4	small-mixed	strata.loads	33	106392.000
new	L4	small-mixed	strata.loads	34	109828.704
new	L4	small-mixed	orjson.loads	34	119401.042
new	L4	small-mixed	orjson.loads	35	117496.500
new	L4	small-mixed	strata.loads	35	105898.148
new	L4	small-mixed	strata.loads	36	105944.444
new	L4	small-mixed	orjson.loads	36	116684.042
new	L4	small-mixed	orjson.loads	37	116449.625
new	L4	small-mixed	strata.loads	37	105881.185
new	L4	small-mixed	strata.loads	38	105623.444
new	L4	small-mixed	orjson.loads	38	117079.875
new	L4	small-mixed	orjson.loads	39	116277.792
new	L4	small-mixed	strata.loads	39	106050.926
new	L4	small-mixed	strata.loads	40	105638.889
new	L4	small-mixed	orjson.loads	40	116784.708
new	L4	small-mixed	orjson.loads	41	116335.083
new	L4	small-mixed	strata.loads	41	105908.926
new	L4	small-mixed	strata.loads	42	105671.296
new	L4	small-mixed	orjson.loads	42	116670.125
new	L4	small-mixed	orjson.loads	43	117000.000
new	L4	small-mixed	strata.loads	43	107006.185
new	L4	small-mixed	strata.loads	44	110347.222
new	L4	small-mixed	orjson.loads	44	121564.250
new	L4	small-mixed	orjson.loads	45	120718.750
new	L4	small-mixed	strata.loads	45	112666.667
new	L4	small-mixed	strata.loads	46	106496.926
new	L4	small-mixed	orjson.loads	46	119053.792
new	L4	small-mixed	orjson.loads	47	118861.125
new	L4	small-mixed	strata.loads	47	110330.222
new	L4	small-mixed	strata.loads	48	108337.963
new	L4	small-mixed	orjson.loads	48	117253.458
new	L4	small-mixed	orjson.loads	49	116840.250
new	L4	small-mixed	strata.loads	49	106748.481
new	L4	small-mixed	strata.loads	50	105739.185
new	L4	small-mixed	orjson.loads	50	116796.875
new	L4	small-mixed	orjson.loads	51	116571.167
new	L4	small-mixed	strata.loads	51	106100.333
new	L4	small-mixed	strata.loads	52	105665.111
new	L4	small-mixed	orjson.loads	52	117500.000
new	L4	small-mixed	orjson.loads	53	116937.500
new	L4	small-mixed	strata.loads	53	106425.926
new	L4	small-mixed	strata.loads	54	105787.037
new	L4	small-mixed	orjson.loads	54	117020.833
new	L4	small-mixed	orjson.loads	55	116194.458
new	L4	small-mixed	strata.loads	55	106140.407
new	L4	small-mixed	strata.loads	56	105597.222
new	L4	small-mixed	orjson.loads	56	116364.583
new	L4	small-mixed	orjson.loads	57	118704.875
new	L4	small-mixed	strata.loads	57	108641.963
new	L4	small-mixed	strata.loads	58	111703.704
new	L4	small-mixed	orjson.loads	58	119296.875
new	L4	small-mixed	orjson.loads	59	119163.208
new	L4	small-mixed	strata.loads	59	107834.889
new	L4	small-mixed	strata.loads	60	105970.704
new	L4	small-mixed	orjson.loads	60	117583.333
main	L5	tiny	strata.loads	0	188.397
main	L5	tiny	orjson.loads	0	116.621
main	L5	tiny	orjson.loads	1	116.102
main	L5	tiny	strata.loads	1	188.131
main	L5	tiny	strata.loads	2	189.161
main	L5	tiny	orjson.loads	2	117.412
main	L5	tiny	orjson.loads	3	116.238
main	L5	tiny	strata.loads	3	188.767
main	L5	tiny	strata.loads	4	188.593
main	L5	tiny	orjson.loads	4	116.260
main	L5	tiny	orjson.loads	5	116.102
main	L5	tiny	strata.loads	5	188.640
main	L5	tiny	strata.loads	6	188.686
main	L5	tiny	orjson.loads	6	116.170
main	L5	tiny	orjson.loads	7	116.426
main	L5	tiny	strata.loads	7	188.675
main	L5	tiny	strata.loads	8	188.709
main	L5	tiny	orjson.loads	8	117.916
main	L5	tiny	orjson.loads	9	118.285
main	L5	tiny	strata.loads	9	192.285
main	L5	tiny	strata.loads	10	192.967
main	L5	tiny	orjson.loads	10	118.880
main	L5	tiny	orjson.loads	11	119.663
main	L5	tiny	strata.loads	11	203.543
main	L5	tiny	strata.loads	12	197.711
main	L5	tiny	orjson.loads	12	122.298
main	L5	tiny	orjson.loads	13	118.368
main	L5	tiny	strata.loads	13	192.690
main	L5	tiny	strata.loads	14	195.467
main	L5	tiny	orjson.loads	14	118.413
main	L5	tiny	orjson.loads	15	118.767
main	L5	tiny	strata.loads	15	191.868
main	L5	tiny	strata.loads	16	208.056
main	L5	tiny	orjson.loads	16	118.473
main	L5	tiny	orjson.loads	17	116.162
main	L5	tiny	strata.loads	17	191.833
main	L5	tiny	strata.loads	18	188.616
main	L5	tiny	orjson.loads	18	118.172
main	L5	tiny	orjson.loads	19	123.856
main	L5	tiny	strata.loads	19	197.029
main	L5	tiny	strata.loads	20	192.736
main	L5	tiny	orjson.loads	20	119.565
main	L5	tiny	orjson.loads	21	118.722
main	L5	tiny	strata.loads	21	193.037
main	L5	tiny	strata.loads	22	190.746
main	L5	tiny	orjson.loads	22	116.215
main	L5	tiny	orjson.loads	23	115.959
main	L5	tiny	strata.loads	23	192.874
main	L5	tiny	strata.loads	24	188.385
main	L5	tiny	orjson.loads	24	117.073
main	L5	tiny	orjson.loads	25	116.230
main	L5	tiny	strata.loads	25	188.883
main	L5	tiny	strata.loads	26	188.663
main	L5	tiny	orjson.loads	26	116.253
main	L5	tiny	orjson.loads	27	116.207
main	L5	tiny	strata.loads	27	191.822
main	L5	tiny	strata.loads	28	188.524
main	L5	tiny	orjson.loads	28	116.336
main	L5	tiny	orjson.loads	29	116.147
main	L5	tiny	strata.loads	29	188.721
main	L5	tiny	strata.loads	30	188.420
main	L5	tiny	orjson.loads	30	116.321
main	L5	tiny	orjson.loads	31	116.350
main	L5	tiny	strata.loads	31	188.778
main	L5	tiny	strata.loads	32	188.709
main	L5	tiny	orjson.loads	32	116.365
main	L5	tiny	orjson.loads	33	117.246
main	L5	tiny	strata.loads	33	190.526
main	L5	tiny	strata.loads	34	188.999
main	L5	tiny	orjson.loads	34	118.135
main	L5	tiny	orjson.loads	35	116.704
main	L5	tiny	strata.loads	35	189.473
main	L5	tiny	strata.loads	36	188.686
main	L5	tiny	orjson.loads	36	117.073
main	L5	tiny	orjson.loads	37	116.147
main	L5	tiny	strata.loads	37	188.200
main	L5	tiny	strata.loads	38	188.894
main	L5	tiny	orjson.loads	38	116.162
main	L5	tiny	orjson.loads	39	116.478
main	L5	tiny	strata.loads	39	188.640
main	L5	tiny	strata.loads	40	189.716
main	L5	tiny	orjson.loads	40	116.260
main	L5	tiny	orjson.loads	41	116.192
main	L5	tiny	strata.loads	41	188.455
main	L5	tiny	strata.loads	42	189.611
main	L5	tiny	orjson.loads	42	116.102
main	L5	tiny	orjson.loads	43	116.704
main	L5	tiny	strata.loads	43	188.501
main	L5	tiny	strata.loads	44	188.582
main	L5	tiny	orjson.loads	44	116.764
main	L5	tiny	orjson.loads	45	116.712
main	L5	tiny	strata.loads	45	192.007
main	L5	tiny	strata.loads	46	194.298
main	L5	tiny	orjson.loads	46	122.734
main	L5	tiny	orjson.loads	47	121.778
main	L5	tiny	strata.loads	47	197.619
main	L5	tiny	strata.loads	48	204.746
main	L5	tiny	orjson.loads	48	124.021
main	L5	tiny	orjson.loads	49	121.906
main	L5	tiny	strata.loads	49	191.417
main	L5	tiny	strata.loads	50	192.608
main	L5	tiny	orjson.loads	50	118.827
main	L5	tiny	orjson.loads	51	117.984
main	L5	tiny	strata.loads	51	192.169
main	L5	tiny	strata.loads	52	193.118
main	L5	tiny	orjson.loads	52	116.305
main	L5	tiny	orjson.loads	53	116.027
main	L5	tiny	strata.loads	53	189.195
main	L5	tiny	strata.loads	54	188.813
main	L5	tiny	orjson.loads	54	116.855
main	L5	tiny	orjson.loads	55	116.433
main	L5	tiny	strata.loads	55	194.587
main	L5	tiny	strata.loads	56	196.600
main	L5	tiny	orjson.loads	56	120.935
main	L5	tiny	orjson.loads	57	119.429
main	L5	tiny	strata.loads	57	192.250
main	L5	tiny	strata.loads	58	193.407
main	L5	tiny	orjson.loads	58	119.362
main	L5	tiny	orjson.loads	59	116.095
main	L5	tiny	strata.loads	59	188.628
main	L5	tiny	strata.loads	60	188.189
main	L5	tiny	orjson.loads	60	116.207
main	L5	small-mixed	strata.loads	0	106487.667
main	L5	small-mixed	orjson.loads	0	116693.360
main	L5	small-mixed	orjson.loads	1	116241.680
main	L5	small-mixed	strata.loads	1	106669.778
main	L5	small-mixed	strata.loads	2	105629.630
main	L5	small-mixed	orjson.loads	2	116365.000
main	L5	small-mixed	orjson.loads	3	116548.360
main	L5	small-mixed	strata.loads	3	106487.667
main	L5	small-mixed	strata.loads	4	106850.296
main	L5	small-mixed	orjson.loads	4	117233.360
main	L5	small-mixed	orjson.loads	5	116503.320
main	L5	small-mixed	strata.loads	5	105810.185
main	L5	small-mixed	strata.loads	6	105489.185
main	L5	small-mixed	orjson.loads	6	116223.320
main	L5	small-mixed	orjson.loads	7	116130.000
main	L5	small-mixed	strata.loads	7	106273.148
main	L5	small-mixed	strata.loads	8	108381.148
main	L5	small-mixed	orjson.loads	8	119611.680
main	L5	small-mixed	orjson.loads	9	120508.320
main	L5	small-mixed	strata.loads	9	108992.296
main	L5	small-mixed	strata.loads	10	108470.667
main	L5	small-mixed	orjson.loads	10	116493.320
main	L5	small-mixed	orjson.loads	11	117166.680
main	L5	small-mixed	strata.loads	11	109885.778
main	L5	small-mixed	strata.loads	12	108816.333
main	L5	small-mixed	orjson.loads	12	118575.000
main	L5	small-mixed	orjson.loads	13	115995.000
main	L5	small-mixed	strata.loads	13	105820.963
main	L5	small-mixed	strata.loads	14	105674.370
main	L5	small-mixed	orjson.loads	14	116306.680
main	L5	small-mixed	orjson.loads	15	116300.000
main	L5	small-mixed	strata.loads	15	107848.778
main	L5	small-mixed	strata.loads	16	106257.704
main	L5	small-mixed	orjson.loads	16	116616.680
main	L5	small-mixed	orjson.loads	17	116191.680
main	L5	small-mixed	strata.loads	17	105774.704
main	L5	small-mixed	strata.loads	18	105552.444
main	L5	small-mixed	orjson.loads	18	116300.000
main	L5	small-mixed	orjson.loads	19	115960.000
main	L5	small-mixed	strata.loads	19	105628.111
main	L5	small-mixed	strata.loads	20	105530.889
main	L5	small-mixed	orjson.loads	20	116393.360
main	L5	small-mixed	orjson.loads	21	116151.680
main	L5	small-mixed	strata.loads	21	106538.556
main	L5	small-mixed	strata.loads	22	108447.519
main	L5	small-mixed	orjson.loads	22	120448.320
main	L5	small-mixed	orjson.loads	23	119030.000
main	L5	small-mixed	strata.loads	23	110844.148
main	L5	small-mixed	strata.loads	24	109490.741
main	L5	small-mixed	orjson.loads	24	116500.000
main	L5	small-mixed	orjson.loads	25	117123.320
main	L5	small-mixed	strata.loads	25	110412.037
main	L5	small-mixed	strata.loads	26	107714.481
main	L5	small-mixed	orjson.loads	26	116905.000
main	L5	small-mixed	orjson.loads	27	116260.000
main	L5	small-mixed	strata.loads	27	106015.407
main	L5	small-mixed	strata.loads	28	110757.704
main	L5	small-mixed	orjson.loads	28	117425.000
main	L5	small-mixed	orjson.loads	29	116558.320
main	L5	small-mixed	strata.loads	29	106535.481
main	L5	small-mixed	strata.loads	30	105961.407
main	L5	small-mixed	orjson.loads	30	117811.680
main	L5	small-mixed	orjson.loads	31	116888.360
main	L5	small-mixed	strata.loads	31	105853.407
main	L5	small-mixed	strata.loads	32	105623.444
main	L5	small-mixed	orjson.loads	32	116323.320
main	L5	small-mixed	orjson.loads	33	116281.680
main	L5	small-mixed	strata.loads	33	105981.481
main	L5	small-mixed	strata.loads	34	105486.111
main	L5	small-mixed	orjson.loads	34	116220.000
main	L5	small-mixed	orjson.loads	35	116020.000
main	L5	small-mixed	strata.loads	35	106967.593
main	L5	small-mixed	strata.loads	36	108100.333
main	L5	small-mixed	orjson.loads	36	120103.320
main	L5	small-mixed	orjson.loads	37	118785.000
main	L5	small-mixed	strata.loads	37	108736.111
main	L5	small-mixed	strata.loads	38	108515.444
main	L5	small-mixed	orjson.loads	38	116716.640
main	L5	small-mixed	orjson.loads	39	118255.000
main	L5	small-mixed	strata.loads	39	108044.741
main	L5	small-mixed	strata.loads	40	109976.852
main	L5	small-mixed	orjson.loads	40	119233.320
main	L5	small-mixed	orjson.loads	41	117315.000
main	L5	small-mixed	strata.loads	41	105796.296
main	L5	small-mixed	strata.loads	42	105722.222
main	L5	small-mixed	orjson.loads	42	116420.000
main	L5	small-mixed	orjson.loads	43	116035.000
main	L5	small-mixed	strata.loads	43	105759.259
main	L5	small-mixed	strata.loads	44	105663.556
main	L5	small-mixed	orjson.loads	44	116438.320
main	L5	small-mixed	orjson.loads	45	116428.320
main	L5	small-mixed	strata.loads	45	105830.259
main	L5	small-mixed	strata.loads	46	106016.963
main	L5	small-mixed	orjson.loads	46	116201.680
main	L5	small-mixed	orjson.loads	47	116906.680
main	L5	small-mixed	strata.loads	47	105922.815
main	L5	small-mixed	strata.loads	48	105503.074
main	L5	small-mixed	orjson.loads	48	116621.680
main	L5	small-mixed	orjson.loads	49	116090.000
main	L5	small-mixed	strata.loads	49	107847.222
main	L5	small-mixed	strata.loads	50	108047.852
main	L5	small-mixed	orjson.loads	50	124001.680
main	L5	small-mixed	orjson.loads	51	120626.680
main	L5	small-mixed	strata.loads	51	109671.296
main	L5	small-mixed	strata.loads	52	106689.815
main	L5	small-mixed	orjson.loads	52	116831.640
main	L5	small-mixed	orjson.loads	53	117456.640
main	L5	small-mixed	strata.loads	53	110069.444
main	L5	small-mixed	strata.loads	54	107782.407
main	L5	small-mixed	orjson.loads	54	116690.000
main	L5	small-mixed	orjson.loads	55	116003.320
main	L5	small-mixed	strata.loads	55	105955.259
main	L5	small-mixed	strata.loads	56	106813.259
main	L5	small-mixed	orjson.loads	56	116836.680
main	L5	small-mixed	orjson.loads	57	117668.320
main	L5	small-mixed	strata.loads	57	106543.185
main	L5	small-mixed	strata.loads	58	105478.370
main	L5	small-mixed	orjson.loads	58	116451.640
main	L5	small-mixed	orjson.loads	59	116516.680
main	L5	small-mixed	strata.loads	59	105828.704
main	L5	small-mixed	strata.loads	60	106020.037
main	L5	small-mixed	orjson.loads	60	117851.680
main	L6	tiny	strata.loads	0	198.721
main	L6	tiny	orjson.loads	0	120.355
main	L6	tiny	orjson.loads	1	118.865
main	L6	tiny	strata.loads	1	201.083
main	L6	tiny	strata.loads	2	194.735
main	L6	tiny	orjson.loads	2	119.874
main	L6	tiny	orjson.loads	3	116.328
main	L6	tiny	strata.loads	3	191.817
main	L6	tiny	strata.loads	4	188.042
main	L6	tiny	orjson.loads	4	117.036
main	L6	tiny	orjson.loads	5	116.192
main	L6	tiny	strata.loads	5	189.064
main	L6	tiny	strata.loads	6	190.087
main	L6	tiny	orjson.loads	6	116.260
main	L6	tiny	orjson.loads	7	116.802
main	L6	tiny	strata.loads	7	188.493
main	L6	tiny	strata.loads	8	190.689
main	L6	tiny	orjson.loads	8	116.380
main	L6	tiny	orjson.loads	9	116.456
main	L6	tiny	strata.loads	9	188.899
main	L6	tiny	strata.loads	10	189.696
main	L6	tiny	orjson.loads	10	116.621
main	L6	tiny	orjson.loads	11	116.403
main	L6	tiny	strata.loads	11	189.260
main	L6	tiny	strata.loads	12	192.223
main	L6	tiny	orjson.loads	12	119.181
main	L6	tiny	orjson.loads	13	118.684
main	L6	tiny	strata.loads	13	188.854
main	L6	tiny	strata.loads	14	205.896
main	L6	tiny	orjson.loads	14	122.169
main	L6	tiny	orjson.loads	15	121.191
main	L6	tiny	strata.loads	15	194.886
main	L6	tiny	strata.loads	16	188.357
main	L6	tiny	orjson.loads	16	121.552
main	L6	tiny	orjson.loads	17	117.916
main	L6	tiny	strata.loads	17	189.486
main	L6	tiny	strata.loads	18	188.357
main	L6	tiny	orjson.loads	18	118.278
main	L6	tiny	orjson.loads	19	117.126
main	L6	tiny	strata.loads	19	190.659
main	L6	tiny	strata.loads	20	188.432
main	L6	tiny	orjson.loads	20	116.403
main	L6	tiny	orjson.loads	21	117.547
main	L6	tiny	strata.loads	21	189.546
main	L6	tiny	strata.loads	22	190.478
main	L6	tiny	orjson.loads	22	116.569
main	L6	tiny	orjson.loads	23	119.249
main	L6	tiny	strata.loads	23	189.486
main	L6	tiny	strata.loads	24	194.690
main	L6	tiny	orjson.loads	24	117.886
main	L6	tiny	orjson.loads	25	119.377
main	L6	tiny	strata.loads	25	188.147
main	L6	tiny	strata.loads	26	188.042
main	L6	tiny	orjson.loads	26	122.975
main	L6	tiny	orjson.loads	27	127.349
main	L6	tiny	strata.loads	27	194.254
main	L6	tiny	strata.loads	28	192.599
main	L6	tiny	orjson.loads	28	123.186
main	L6	tiny	orjson.loads	29	123.517
main	L6	tiny	strata.loads	29	194.134
main	L6	tiny	strata.loads	30	193.532
main	L6	tiny	orjson.loads	30	119.527
main	L6	tiny	orjson.loads	31	118.646
main	L6	tiny	strata.loads	31	193.321
main	L6	tiny	strata.loads	32	194.254
main	L6	tiny	orjson.loads	32	118.511
main	L6	tiny	orjson.loads	33	118.925
main	L6	tiny	strata.loads	33	189.215
main	L6	tiny	strata.loads	34	190.478
main	L6	tiny	orjson.loads	34	120.024
main	L6	tiny	orjson.loads	35	117.578
main	L6	tiny	strata.loads	35	188.568
main	L6	tiny	strata.loads	36	199.519
main	L6	tiny	orjson.loads	36	120.325
main	L6	tiny	orjson.loads	37	122.561
main	L6	tiny	strata.loads	37	197.127
main	L6	tiny	strata.loads	38	202.572
main	L6	tiny	orjson.loads	38	121.146
main	L6	tiny	orjson.loads	39	118.865
main	L6	tiny	strata.loads	39	201.309
main	L6	tiny	strata.loads	40	199.819
main	L6	tiny	orjson.loads	40	117.517
main	L6	tiny	orjson.loads	41	116.305
main	L6	tiny	strata.loads	41	193.156
main	L6	tiny	strata.loads	42	188.222
main	L6	tiny	orjson.loads	42	116.998
main	L6	tiny	orjson.loads	43	118.007
main	L6	tiny	strata.loads	43	192.554
main	L6	tiny	strata.loads	44	189.681
main	L6	tiny	orjson.loads	44	116.365
main	L6	tiny	orjson.loads	45	116.358
main	L6	tiny	strata.loads	45	189.606
main	L6	tiny	strata.loads	46	190.809
main	L6	tiny	orjson.loads	46	119.708
main	L6	tiny	orjson.loads	47	118.571
main	L6	tiny	strata.loads	47	191.155
main	L6	tiny	strata.loads	48	190.644
main	L6	tiny	orjson.loads	48	119.324
main	L6	tiny	orjson.loads	49	119.588
main	L6	tiny	strata.loads	49	195.818
main	L6	tiny	strata.loads	50	188.177
main	L6	tiny	orjson.loads	50	116.592
main	L6	tiny	orjson.loads	51	121.944
main	L6	tiny	strata.loads	51	195.111
main	L6	tiny	strata.loads	52	188.884
main	L6	tiny	orjson.loads	52	119.618
main	L6	tiny	orjson.loads	53	116.659
main	L6	tiny	strata.loads	53	194.374
main	L6	tiny	strata.loads	54	188.357
main	L6	tiny	orjson.loads	54	116.524
main	L6	tiny	orjson.loads	55	117.103
main	L6	tiny	strata.loads	55	188.688
main	L6	tiny	strata.loads	56	189.230
main	L6	tiny	orjson.loads	56	116.313
main	L6	tiny	orjson.loads	57	119.813
main	L6	tiny	strata.loads	57	190.283
main	L6	tiny	strata.loads	58	194.359
main	L6	tiny	orjson.loads	58	118.360
main	L6	tiny	orjson.loads	59	119.046
main	L6	tiny	strata.loads	59	188.568
main	L6	tiny	strata.loads	60	188.478
main	L6	tiny	orjson.loads	60	120.325
main	L6	small-mixed	strata.loads	0	109450.593
main	L6	small-mixed	orjson.loads	0	122310.750
main	L6	small-mixed	orjson.loads	1	123112.875
main	L6	small-mixed	strata.loads	1	110854.926
main	L6	small-mixed	strata.loads	2	113689.815
main	L6	small-mixed	orjson.loads	2	123463.542
main	L6	small-mixed	orjson.loads	3	126899.292
main	L6	small-mixed	strata.loads	3	111243.852
main	L6	small-mixed	strata.loads	4	109839.519
main	L6	small-mixed	orjson.loads	4	124232.625
main	L6	small-mixed	orjson.loads	5	123546.875
main	L6	small-mixed	strata.loads	5	111504.630
main	L6	small-mixed	strata.loads	6	109712.963
main	L6	small-mixed	orjson.loads	6	121986.083
main	L6	small-mixed	orjson.loads	7	119524.292
main	L6	small-mixed	strata.loads	7	110404.333
main	L6	small-mixed	strata.loads	8	110663.556
main	L6	small-mixed	orjson.loads	8	120310.750
main	L6	small-mixed	orjson.loads	9	118480.917
main	L6	small-mixed	strata.loads	9	108547.815
main	L6	small-mixed	strata.loads	10	108547.815
main	L6	small-mixed	orjson.loads	10	120477.417
main	L6	small-mixed	orjson.loads	11	121494.792
main	L6	small-mixed	strata.loads	11	109797.852
main	L6	small-mixed	strata.loads	12	109864.185
main	L6	small-mixed	orjson.loads	12	119626.750
main	L6	small-mixed	orjson.loads	13	118550.333
main	L6	small-mixed	strata.loads	13	109768.519
main	L6	small-mixed	strata.loads	14	111916.667
main	L6	small-mixed	orjson.loads	14	124473.958
main	L6	small-mixed	orjson.loads	15	127033.000
main	L6	small-mixed	strata.loads	15	111041.667
main	L6	small-mixed	strata.loads	16	112637.333
main	L6	small-mixed	orjson.loads	16	122204.875
main	L6	small-mixed	orjson.loads	17	120161.458
main	L6	small-mixed	strata.loads	17	115276.222
main	L6	small-mixed	strata.loads	18	110871.889
main	L6	small-mixed	orjson.loads	18	120357.667
main	L6	small-mixed	orjson.loads	19	120119.792
main	L6	small-mixed	strata.loads	19	109192.889
main	L6	small-mixed	strata.loads	20	108682.111
main	L6	small-mixed	orjson.loads	20	120116.333
main	L6	small-mixed	orjson.loads	21	122359.375
main	L6	small-mixed	strata.loads	21	109429.037
main	L6	small-mixed	strata.loads	22	111041.667
main	L6	small-mixed	orjson.loads	22	119873.292
main	L6	small-mixed	orjson.loads	23	119041.667
main	L6	small-mixed	strata.loads	23	108652.778
main	L6	small-mixed	strata.loads	24	110483.037
main	L6	small-mixed	orjson.loads	24	120484.375
main	L6	small-mixed	orjson.loads	25	120418.375
main	L6	small-mixed	strata.loads	25	113169.778
main	L6	small-mixed	strata.loads	26	113118.815
main	L6	small-mixed	orjson.loads	26	125133.667
main	L6	small-mixed	orjson.loads	27	118826.375
main	L6	small-mixed	strata.loads	27	108447.519
main	L6	small-mixed	strata.loads	28	116203.704
main	L6	small-mixed	orjson.loads	28	126213.542
main	L6	small-mixed	orjson.loads	29	128479.167
main	L6	small-mixed	strata.loads	29	111500.000
main	L6	small-mixed	strata.loads	30	109614.185
main	L6	small-mixed	orjson.loads	30	128095.458
main	L6	small-mixed	orjson.loads	31	121258.667
main	L6	small-mixed	strata.loads	31	112532.407
main	L6	small-mixed	strata.loads	32	110714.519
main	L6	small-mixed	orjson.loads	32	122435.750
main	L6	small-mixed	orjson.loads	33	119824.667
main	L6	small-mixed	strata.loads	33	111527.778
main	L6	small-mixed	strata.loads	34	110316.370
main	L6	small-mixed	orjson.loads	34	122772.583
main	L6	small-mixed	orjson.loads	35	119395.833
main	L6	small-mixed	strata.loads	35	109354.926
main	L6	small-mixed	strata.loads	36	107740.741
main	L6	small-mixed	orjson.loads	36	119586.833
main	L6	small-mixed	orjson.loads	37	121651.042
main	L6	small-mixed	strata.loads	37	109225.296
main	L6	small-mixed	strata.loads	38	110401.222
main	L6	small-mixed	orjson.loads	38	122032.958
main	L6	small-mixed	orjson.loads	39	118593.750
main	L6	small-mixed	strata.loads	39	108745.370
main	L6	small-mixed	strata.loads	40	110209.889
main	L6	small-mixed	orjson.loads	40	122184.042
main	L6	small-mixed	orjson.loads	41	126756.917
main	L6	small-mixed	strata.loads	41	114101.852
main	L6	small-mixed	strata.loads	42	112432.111
main	L6	small-mixed	orjson.loads	42	119895.833
main	L6	small-mixed	orjson.loads	43	122175.375
main	L6	small-mixed	strata.loads	43	111899.667
main	L6	small-mixed	strata.loads	44	118583.333
main	L6	small-mixed	orjson.loads	44	121626.750
main	L6	small-mixed	orjson.loads	45	119538.208
main	L6	small-mixed	strata.loads	45	111430.556
main	L6	small-mixed	strata.loads	46	109407.407
main	L6	small-mixed	orjson.loads	46	123465.250
main	L6	small-mixed	orjson.loads	47	123460.083
main	L6	small-mixed	strata.loads	47	115858.037
main	L6	small-mixed	strata.loads	48	109183.667
main	L6	small-mixed	orjson.loads	48	122984.375
main	L6	small-mixed	orjson.loads	49	121027.792
main	L6	small-mixed	strata.loads	49	113634.259
main	L6	small-mixed	strata.loads	50	113040.111
main	L6	small-mixed	orjson.loads	50	129782.958
main	L6	small-mixed	orjson.loads	51	127128.500
main	L6	small-mixed	strata.loads	51	109847.222
main	L6	small-mixed	strata.loads	52	111364.222
main	L6	small-mixed	orjson.loads	52	120661.458
main	L6	small-mixed	orjson.loads	53	142878.458
main	L6	small-mixed	strata.loads	53	108495.370
main	L6	small-mixed	strata.loads	54	109094.148
main	L6	small-mixed	orjson.loads	54	125397.583
main	L6	small-mixed	orjson.loads	55	129600.708
main	L6	small-mixed	strata.loads	55	115632.741
main	L6	small-mixed	strata.loads	56	108054.000
main	L6	small-mixed	orjson.loads	56	118824.667
main	L6	small-mixed	orjson.loads	57	126041.667
main	L6	small-mixed	strata.loads	57	113233.037
main	L6	small-mixed	strata.loads	58	107510.815
main	L6	small-mixed	orjson.loads	58	121572.917
main	L6	small-mixed	orjson.loads	59	121342.000
main	L6	small-mixed	strata.loads	59	114321.000
main	L6	small-mixed	strata.loads	60	109564.815
main	L6	small-mixed	orjson.loads	60	125036.458
new	L7	tiny	strata.loads	0	179.106
new	L7	tiny	orjson.loads	0	117.549
new	L7	tiny	orjson.loads	1	125.993
new	L7	tiny	strata.loads	1	188.168
new	L7	tiny	strata.loads	2	189.019
new	L7	tiny	orjson.loads	2	122.257
new	L7	tiny	orjson.loads	3	118.438
new	L7	tiny	strata.loads	3	184.661
new	L7	tiny	strata.loads	4	185.903
new	L7	tiny	orjson.loads	4	119.326
new	L7	tiny	orjson.loads	5	119.035
new	L7	tiny	strata.loads	5	182.708
new	L7	tiny	strata.loads	6	187.769
new	L7	tiny	orjson.loads	6	127.993
new	L7	tiny	orjson.loads	7	130.875
new	L7	tiny	strata.loads	7	196.320
new	L7	tiny	strata.loads	8	191.840
new	L7	tiny	orjson.loads	8	120.243
new	L7	tiny	orjson.loads	9	125.070
new	L7	tiny	strata.loads	9	187.422
new	L7	tiny	strata.loads	10	184.436
new	L7	tiny	orjson.loads	10	125.208
new	L7	tiny	orjson.loads	11	118.590
new	L7	tiny	strata.loads	11	179.774
new	L7	tiny	strata.loads	12	177.960
new	L7	tiny	orjson.loads	12	116.972
new	L7	tiny	orjson.loads	13	116.882
new	L7	tiny	strata.loads	13	178.689
new	L7	tiny	strata.loads	14	189.870
new	L7	tiny	orjson.loads	14	122.778
new	L7	tiny	orjson.loads	15	120.576
new	L7	tiny	strata.loads	15	183.446
new	L7	tiny	strata.loads	16	183.637
new	L7	tiny	orjson.loads	16	120.382
new	L7	tiny	orjson.loads	17	121.042
new	L7	tiny	strata.loads	17	185.981
new	L7	tiny	strata.loads	18	186.241
new	L7	tiny	orjson.loads	18	121.875
new	L7	tiny	orjson.loads	19	121.826
new	L7	tiny	strata.loads	19	186.910
new	L7	tiny	strata.loads	20	186.502
new	L7	tiny	orjson.loads	20	122.743
new	L7	tiny	orjson.loads	21	121.854
new	L7	tiny	strata.loads	21	185.825
new	L7	tiny	strata.loads	22	186.545
new	L7	tiny	orjson.loads	22	122.667
new	L7	tiny	orjson.loads	23	121.820
new	L7	tiny	strata.loads	23	188.064
new	L7	tiny	strata.loads	24	191.528
new	L7	tiny	orjson.loads	24	122.472
new	L7	tiny	orjson.loads	25	122.104
new	L7	tiny	strata.loads	25	189.106
new	L7	tiny	strata.loads	26	190.087
new	L7	tiny	orjson.loads	26	123.083
new	L7	tiny	orjson.loads	27	122.556
new	L7	tiny	strata.loads	27	187.977
new	L7	tiny	strata.loads	28	185.634
new	L7	tiny	orjson.loads	28	123.062
new	L7	tiny	orjson.loads	29	123.674
new	L7	tiny	strata.loads	29	182.092
new	L7	tiny	strata.loads	30	184.974
new	L7	tiny	orjson.loads	30	126.805
new	L7	tiny	orjson.loads	31	123.410
new	L7	tiny	strata.loads	31	199.939
new	L7	tiny	strata.loads	32	189.288
new	L7	tiny	orjson.loads	32	121.868
new	L7	tiny	orjson.loads	33	121.931
new	L7	tiny	strata.loads	33	186.875
new	L7	tiny	strata.loads	34	189.896
new	L7	tiny	orjson.loads	34	123.778
new	L7	tiny	orjson.loads	35	121.618
new	L7	tiny	strata.loads	35	187.604
new	L7	tiny	strata.loads	36	187.439
new	L7	tiny	orjson.loads	36	123.431
new	L7	tiny	orjson.loads	37	124.660
new	L7	tiny	strata.loads	37	192.422
new	L7	tiny	strata.loads	38	188.932
new	L7	tiny	orjson.loads	38	123.222
new	L7	tiny	orjson.loads	39	122.229
new	L7	tiny	strata.loads	39	191.562
new	L7	tiny	strata.loads	40	197.795
new	L7	tiny	orjson.loads	40	122.160
new	L7	tiny	orjson.loads	41	122.646
new	L7	tiny	strata.loads	41	189.540
new	L7	tiny	strata.loads	42	188.602
new	L7	tiny	orjson.loads	42	121.521
new	L7	tiny	orjson.loads	43	120.924
new	L7	tiny	strata.loads	43	187.535
new	L7	tiny	strata.loads	44	188.802
new	L7	tiny	orjson.loads	44	123.347
new	L7	tiny	orjson.loads	45	123.785
new	L7	tiny	strata.loads	45	186.311
new	L7	tiny	strata.loads	46	182.344
new	L7	tiny	orjson.loads	46	123.917
new	L7	tiny	orjson.loads	47	122.680
new	L7	tiny	strata.loads	47	186.467
new	L7	tiny	strata.loads	48	182.639
new	L7	tiny	orjson.loads	48	142.646
new	L7	tiny	orjson.loads	49	119.965
new	L7	tiny	strata.loads	49	184.089
new	L7	tiny	strata.loads	50	181.996
new	L7	tiny	orjson.loads	50	119.674
new	L7	tiny	orjson.loads	51	118.000
new	L7	tiny	strata.loads	51	183.351
new	L7	tiny	strata.loads	52	179.922
new	L7	tiny	orjson.loads	52	123.208
new	L7	tiny	orjson.loads	53	118.451
new	L7	tiny	strata.loads	53	181.120
new	L7	tiny	strata.loads	54	180.564
new	L7	tiny	orjson.loads	54	117.521
new	L7	tiny	orjson.loads	55	116.674
new	L7	tiny	strata.loads	55	180.104
new	L7	tiny	strata.loads	56	180.946
new	L7	tiny	orjson.loads	56	128.771
new	L7	tiny	orjson.loads	57	119.271
new	L7	tiny	strata.loads	57	187.014
new	L7	tiny	strata.loads	58	189.089
new	L7	tiny	orjson.loads	58	127.486
new	L7	tiny	orjson.loads	59	124.028
new	L7	tiny	strata.loads	59	197.960
new	L7	tiny	strata.loads	60	197.413
new	L7	tiny	orjson.loads	60	125.861
new	L7	small-mixed	strata.loads	0	108732.385
new	L7	small-mixed	orjson.loads	0	130657.609
new	L7	small-mixed	orjson.loads	1	118257.261
new	L7	small-mixed	strata.loads	1	107905.462
new	L7	small-mixed	strata.loads	2	112147.423
new	L7	small-mixed	orjson.loads	2	126577.913
new	L7	small-mixed	orjson.loads	3	123750.000
new	L7	small-mixed	strata.loads	3	112455.154
new	L7	small-mixed	strata.loads	4	111347.731
new	L7	small-mixed	orjson.loads	4	120463.783
new	L7	small-mixed	orjson.loads	5	118217.391
new	L7	small-mixed	strata.loads	5	117137.808
new	L7	small-mixed	strata.loads	6	112179.462
new	L7	small-mixed	orjson.loads	6	120907.609
new	L7	small-mixed	orjson.loads	7	121367.739
new	L7	small-mixed	strata.loads	7	112091.346
new	L7	small-mixed	strata.loads	8	111599.346
new	L7	small-mixed	orjson.loads	8	119936.565
new	L7	small-mixed	orjson.loads	9	124605.087
new	L7	small-mixed	strata.loads	9	107658.654
new	L7	small-mixed	strata.loads	10	109251.615
new	L7	small-mixed	orjson.loads	10	125654.000
new	L7	small-mixed	orjson.loads	11	131204.739
new	L7	small-mixed	strata.loads	11	112237.192
new	L7	small-mixed	strata.loads	12	108810.885
new	L7	small-mixed	orjson.loads	12	121041.652
new	L7	small-mixed	orjson.loads	13	121382.217
new	L7	small-mixed	strata.loads	13	112238.769
new	L7	small-mixed	strata.loads	14	114839.769
new	L7	small-mixed	orjson.loads	14	128623.217
new	L7	small-mixed	orjson.loads	15	123480.087
new	L7	small-mixed	strata.loads	15	109336.538
new	L7	small-mixed	strata.loads	16	118294.885
new	L7	small-mixed	orjson.loads	16	123500.000
new	L7	small-mixed	orjson.loads	17	120460.130
new	L7	small-mixed	strata.loads	17	109350.962
new	L7	small-mixed	strata.loads	18	111661.885
new	L7	small-mixed	orjson.loads	18	125143.130
new	L7	small-mixed	orjson.loads	19	129344.217
new	L7	small-mixed	strata.loads	19	108016.038
new	L7	small-mixed	strata.loads	20	108439.115
new	L7	small-mixed	orjson.loads	20	123197.478
new	L7	small-mixed	orjson.loads	21	123414.826
new	L7	small-mixed	strata.loads	21	110367.000
new	L7	small-mixed	strata.loads	22	110990.385
new	L7	small-mixed	orjson.loads	22	122275.348
new	L7	small-mixed	orjson.loads	23	123166.696
new	L7	small-mixed	strata.loads	23	111942.308
new	L7	small-mixed	strata.loads	24	112565.692
new	L7	small-mixed	orjson.loads	24	133050.696
new	L7	small-mixed	orjson.loads	25	118795.261
new	L7	small-mixed	strata.loads	25	107854.154
new	L7	small-mixed	strata.loads	26	114442.308
new	L7	small-mixed	orjson.loads	26	131998.174
new	L7	small-mixed	orjson.loads	27	124472.826
new	L7	small-mixed	strata.loads	27	113424.692
new	L7	small-mixed	strata.loads	28	112459.962
new	L7	small-mixed	orjson.loads	28	119724.652
new	L7	small-mixed	orjson.loads	29	120509.043
new	L7	small-mixed	strata.loads	29	111012.808
new	L7	small-mixed	strata.loads	30	109738.808
new	L7	small-mixed	orjson.loads	30	118840.609
new	L7	small-mixed	orjson.loads	31	118025.348
new	L7	small-mixed	strata.loads	31	107926.269
new	L7	small-mixed	strata.loads	32	107586.538
new	L7	small-mixed	orjson.loads	32	118634.043
new	L7	small-mixed	orjson.loads	33	124144.957
new	L7	small-mixed	strata.loads	33	108977.577
new	L7	small-mixed	strata.loads	34	110125.000
new	L7	small-mixed	orjson.loads	34	126338.739
new	L7	small-mixed	orjson.loads	35	119387.696
new	L7	small-mixed	strata.loads	35	108150.654
new	L7	small-mixed	strata.loads	36	118304.500
new	L7	small-mixed	orjson.loads	36	119414.870
new	L7	small-mixed	orjson.loads	37	118521.739
new	L7	small-mixed	strata.loads	37	111892.615
new	L7	small-mixed	strata.loads	38	109203.500
new	L7	small-mixed	orjson.loads	38	129380.435
new	L7	small-mixed	orjson.loads	39	130005.435
new	L7	small-mixed	strata.loads	39	117453.500
new	L7	small-mixed	strata.loads	40	115879.808
new	L7	small-mixed	orjson.loads	40	123610.522
new	L7	small-mixed	orjson.loads	41	121518.130
new	L7	small-mixed	strata.loads	41	110809.269
new	L7	small-mixed	strata.loads	42	110060.923
new	L7	small-mixed	orjson.loads	42	123827.870
new	L7	small-mixed	orjson.loads	43	120197.478
new	L7	small-mixed	strata.loads	43	107897.462
new	L7	small-mixed	strata.loads	44	107762.808
new	L7	small-mixed	orjson.loads	44	118476.478
new	L7	small-mixed	orjson.loads	45	120471.000
new	L7	small-mixed	strata.loads	45	110400.615
new	L7	small-mixed	strata.loads	46	109310.885
new	L7	small-mixed	orjson.loads	46	127496.391
new	L7	small-mixed	orjson.loads	47	123217.391
new	L7	small-mixed	strata.loads	47	115229.154
new	L7	small-mixed	strata.loads	48	113383.038
new	L7	small-mixed	orjson.loads	48	122554.348
new	L7	small-mixed	orjson.loads	49	117972.826
new	L7	small-mixed	strata.loads	49	107527.269
new	L7	small-mixed	strata.loads	50	108801.269
new	L7	small-mixed	orjson.loads	50	120088.783
new	L7	small-mixed	orjson.loads	51	118099.609
new	L7	small-mixed	strata.loads	51	108714.769
new	L7	small-mixed	strata.loads	52	110615.385
new	L7	small-mixed	orjson.loads	52	125172.087
new	L7	small-mixed	orjson.loads	53	121079.696
new	L7	small-mixed	strata.loads	53	111121.808
new	L7	small-mixed	strata.loads	54	109987.192
new	L7	small-mixed	orjson.loads	54	119360.522
new	L7	small-mixed	orjson.loads	55	118166.652
new	L7	small-mixed	strata.loads	55	118788.462
new	L7	small-mixed	strata.loads	56	111317.308
new	L7	small-mixed	orjson.loads	56	118961.957
new	L7	small-mixed	orjson.loads	57	121259.043
new	L7	small-mixed	strata.loads	57	109408.654
new	L7	small-mixed	strata.loads	58	111750.000
new	L7	small-mixed	orjson.loads	58	123211.957
new	L7	small-mixed	orjson.loads	59	120079.739
new	L7	small-mixed	strata.loads	59	109815.731
new	L7	small-mixed	strata.loads	60	109730.769
new	L7	small-mixed	orjson.loads	60	121867.739
