dest_path	source_path	sha256	revision	run_id
docs/benchmarks/evidence/standings-gate/c20ac86-34590005443/bench_results_linux-arm64.md	build/evidence/benchmark-lead/p9/ci-34590005443/ci/bench_results_linux-arm64.md	f5184478d2f6ccc7db7f1777944e3dd6dee23afca8fe723660b9edb8fef1bb05	c20ac86	34590005443
docs/benchmarks/evidence/standings-gate/c20ac86-34590005443/bench_results_linux-arm64.json	build/evidence/benchmark-lead/p9/ci-34590005443/ci/bench_results_linux-arm64.json	673fca9bfa19e392afd1892e8e17d53c1f6c4063e88bd0b2a5a8d763ba3c005a	c20ac86	34590005443
docs/benchmarks/evidence/standings-gate/c20ac86-34590005443/bench_results_linux-x86_64.md	build/evidence/benchmark-lead/p9/ci-34590005443/ci/bench_results_linux-x86_64.md	5194c1f76964597c83e0981bf1e9a7260383b54149e0488410791aa5caf1c2c9	c20ac86	34590005443
docs/benchmarks/evidence/standings-gate/c20ac86-34590005443/bench_results_linux-x86_64.json	build/evidence/benchmark-lead/p9/ci-34590005443/ci/bench_results_linux-x86_64.json	b89df37de0c5905256c5bdd2dbdebc9605a88df002b3f0e3decf15d94d147a1c	c20ac86	34590005443
docs/benchmarks/evidence/standings-gate/c20ac86-34590005443/bench_results_macos-arm64.md	build/evidence/benchmark-lead/p9/ci-34590005443/ci/bench_results_macos-arm64.md	d1d04d44012807a0c7bd772a3ba6a06a2c75946868dda80cd0284a02acbee696	c20ac86	34590005443
docs/benchmarks/evidence/standings-gate/c20ac86-34590005443/bench_results_macos-arm64.json	build/evidence/benchmark-lead/p9/ci-34590005443/ci/bench_results_macos-arm64.json	a5932eb82f33761bd301533f5cdf0fc027fd7e9e9c3b2aaf08c16f132dd528a1	c20ac86	34590005443
docs/benchmarks/evidence/standings-gate/c20ac86-34590005443/bench_results_macos-x86_64.md	build/evidence/benchmark-lead/p9/ci-34590005443/ci/bench_results_macos-x86_64.md	04eceb24cff7bb0e0a8337ce0052109535d940c25a4ab62c3c44071af7aaa044	c20ac86	34590005443
docs/benchmarks/evidence/standings-gate/c20ac86-34590005443/bench_results_macos-x86_64.json	build/evidence/benchmark-lead/p9/ci-34590005443/ci/bench_results_macos-x86_64.json	e86b65c9260a9124372c945bdf511ec3d88a971657cbe961976ef06821fe074d	c20ac86	34590005443
docs/benchmarks/evidence/standings-gate/c20ac86-34590005443/bench_results_windows-x86_64.md	build/evidence/benchmark-lead/p9/ci-34590005443/ci/bench_results_windows-x86_64.md	6066de07fd7c4f021ea7f9d291958beb3c19c1997eb6bb42b5f90890dab6ed9a	c20ac86	34590005443
docs/benchmarks/evidence/standings-gate/c20ac86-34590005443/bench_results_windows-x86_64.json	build/evidence/benchmark-lead/p9/ci-34590005443/ci/bench_results_windows-x86_64.json	0b94f4e91ca310d3b7c2ced439e6fcf8c7f8c970d651f1183fc592ecd6981930	c20ac86	34590005443
docs/benchmarks/evidence/standings-gate/c20ac86-34590005443/run_info.json	build/evidence/benchmark-lead/p9/ci-34590005443/ci/run_info.json	45b30d984bc93999401dc9c9f0473354b5fbe0b4e36c6baf9ffac90504377431	c20ac86	34590005443
docs/benchmarks/evidence/standings-gate/c20ac86-34590027501/bench_results_linux-arm64.md	build/evidence/benchmark-lead/p9/ci-34590027501/ci/bench_results_linux-arm64.md	d50905e98c4c3f309271315ba6f0cbf4f4fc01eafd511a069e3818145fe2f767	c20ac86	34590027501
docs/benchmarks/evidence/standings-gate/c20ac86-34590027501/bench_results_linux-arm64.json	build/evidence/benchmark-lead/p9/ci-34590027501/ci/bench_results_linux-arm64.json	daa9cffebc71176e4e6058a986d8e9ebd34c6f1f78b7ee51916dedcb27322ce6	c20ac86	34590027501
docs/benchmarks/evidence/standings-gate/c20ac86-34590027501/bench_results_linux-x86_64.md	build/evidence/benchmark-lead/p9/ci-34590027501/ci/bench_results_linux-x86_64.md	800c86947145756428c3f6ca49c2e7c44da0fac707e4cab7403ccec2f5c99d7e	c20ac86	34590027501
docs/benchmarks/evidence/standings-gate/c20ac86-34590027501/bench_results_linux-x86_64.json	build/evidence/benchmark-lead/p9/ci-34590027501/ci/bench_results_linux-x86_64.json	33fb4bd955003177e0ede5bf7cfe008413722a3c31becbab113c1b44b03734b7	c20ac86	34590027501
docs/benchmarks/evidence/standings-gate/c20ac86-34590027501/bench_results_macos-arm64.md	build/evidence/benchmark-lead/p9/ci-34590027501/ci/bench_results_macos-arm64.md	4a72a3dd414f8a0064c5c95a330c51f68333766d34d56f6be962c8f5c01e9235	c20ac86	34590027501
docs/benchmarks/evidence/standings-gate/c20ac86-34590027501/bench_results_macos-arm64.json	build/evidence/benchmark-lead/p9/ci-34590027501/ci/bench_results_macos-arm64.json	aa434d456b0142bde9913fe2996ede99fb774d23db4b449c04aa177947b34c1e	c20ac86	34590027501
docs/benchmarks/evidence/standings-gate/c20ac86-34590027501/bench_results_macos-x86_64.md	build/evidence/benchmark-lead/p9/ci-34590027501/ci/bench_results_macos-x86_64.md	7fbd1ad59c3327aed047bba9940ffcb8eea3becfc763f4eed0c098b671eeee92	c20ac86	34590027501
docs/benchmarks/evidence/standings-gate/c20ac86-34590027501/bench_results_macos-x86_64.json	build/evidence/benchmark-lead/p9/ci-34590027501/ci/bench_results_macos-x86_64.json	c23e27bab63750cc21b8c280a37675d0be37c3a8f43177280eb8144cb2dfb877	c20ac86	34590027501
docs/benchmarks/evidence/standings-gate/c20ac86-34590027501/bench_results_windows-x86_64.md	build/evidence/benchmark-lead/p9/ci-34590027501/ci/bench_results_windows-x86_64.md	af945291d690bd65520ce3930a822f17875de88378ce09da2ef9cdb95b115266	c20ac86	34590027501
docs/benchmarks/evidence/standings-gate/c20ac86-34590027501/bench_results_windows-x86_64.json	build/evidence/benchmark-lead/p9/ci-34590027501/ci/bench_results_windows-x86_64.json	ef1595a6fe375a654217108d7e049340370f905eab8dbbdc15e960fd3fbd8195	c20ac86	34590027501
docs/benchmarks/evidence/standings-gate/c20ac86-34590027501/run_info.json	build/evidence/benchmark-lead/p9/ci-34590027501/ci/run_info.json	05d7c711e1a7c970e5f0b6b14a2d9bd14b664c1754289be0617906ea55ee8c72	c20ac86	34590027501
docs/benchmarks/evidence/standings-gate/ec53f93-34681733282/bench_results_linux-arm64.md	build/evidence/benchmark-lead/p23/ci-34681733282/ci/bench_results_linux-arm64.md	f36e70a2bd257f52993b674c8d6749ee9b50226085afe763fc59b9bacd0bd4e3	ec53f93	34681733282
docs/benchmarks/evidence/standings-gate/ec53f93-34681733282/bench_results_linux-arm64.json	build/evidence/benchmark-lead/p23/ci-34681733282/ci/bench_results_linux-arm64.json	f89442e6e5a6dcc18eef462d178b24405ba06bb450b7ec7d0092b8d57a189721	ec53f93	34681733282
docs/benchmarks/evidence/standings-gate/ec53f93-34681733282/bench_results_linux-x86_64.md	build/evidence/benchmark-lead/p23/ci-34681733282/ci/bench_results_linux-x86_64.md	12d22b66778569decdffc14d84ec4615d87ac38d0ef59367ab061e933bcbd0b6	ec53f93	34681733282
docs/benchmarks/evidence/standings-gate/ec53f93-34681733282/bench_results_linux-x86_64.json	build/evidence/benchmark-lead/p23/ci-34681733282/ci/bench_results_linux-x86_64.json	ed84af5ea4161480d7ce4b113e31e387fe7c4fc8738c6f23979677e731bab28d	ec53f93	34681733282
docs/benchmarks/evidence/standings-gate/ec53f93-34681733282/bench_results_macos-arm64.md	build/evidence/benchmark-lead/p23/ci-34681733282/ci/bench_results_macos-arm64.md	ccef0472aae684173f4150df07c9338670bc8ca719a79dcd8bc268ba3a3ef0d3	ec53f93	34681733282
docs/benchmarks/evidence/standings-gate/ec53f93-34681733282/bench_results_macos-arm64.json	build/evidence/benchmark-lead/p23/ci-34681733282/ci/bench_results_macos-arm64.json	39e09841e940dba26f39abbeb8339b2e42b04a5f35e6f31c886cc676b0a22f10	ec53f93	34681733282
docs/benchmarks/evidence/standings-gate/ec53f93-34681733282/bench_results_macos-x86_64.md	build/evidence/benchmark-lead/p23/ci-34681733282/ci/bench_results_macos-x86_64.md	1000951f9124e3ed0cff5743b2129cde645b76eec3e822853613c0cf5722df70	ec53f93	34681733282
docs/benchmarks/evidence/standings-gate/ec53f93-34681733282/bench_results_macos-x86_64.json	build/evidence/benchmark-lead/p23/ci-34681733282/ci/bench_results_macos-x86_64.json	a1c6bbf05b01ba5a2be88f7b9abf41e8efd573b884555563fa6543e604f65944	ec53f93	34681733282
docs/benchmarks/evidence/standings-gate/ec53f93-34681733282/bench_results_windows-x86_64.md	build/evidence/benchmark-lead/p23/ci-34681733282/ci/bench_results_windows-x86_64.md	20413d8a4965c5dc3a41f578defbfb723c3cde5f8b388cbe07a589f2a67a386b	ec53f93	34681733282
docs/benchmarks/evidence/standings-gate/ec53f93-34681733282/bench_results_windows-x86_64.json	build/evidence/benchmark-lead/p23/ci-34681733282/ci/bench_results_windows-x86_64.json	800e3dfc02e93df40032ea3dea346db52aa896837e09b498c071cec245c6cb42	ec53f93	34681733282
docs/benchmarks/evidence/standings-gate/ec53f93-34681733282/run_info.json	build/evidence/benchmark-lead/p23/ci-34681733282/ci/run_info.json	8969689624075df3f12d4ab0fdc4b9517e139922829b36789f08cc1277feaf4a	ec53f93	34681733282
docs/benchmarks/evidence/standings-gate/ec53f93-34681741789/bench_results_linux-arm64.md	build/evidence/benchmark-lead/p23/ci-34681741789/ci/bench_results_linux-arm64.md	38c903ce3f0eb086b784126401d99c08f267e3b38cf18f20bde0be3e3efa7f8b	ec53f93	34681741789
docs/benchmarks/evidence/standings-gate/ec53f93-34681741789/bench_results_linux-arm64.json	build/evidence/benchmark-lead/p23/ci-34681741789/ci/bench_results_linux-arm64.json	45f6e5cb17afb395c4e3521383db14189030e79552c20a1f7c57464d299ea268	ec53f93	34681741789
docs/benchmarks/evidence/standings-gate/ec53f93-34681741789/bench_results_linux-x86_64.md	build/evidence/benchmark-lead/p23/ci-34681741789/ci/bench_results_linux-x86_64.md	6966125ac0a633928494a92d2428cf42d2b3a9b70df414c98e640a9caecd1e02	ec53f93	34681741789
docs/benchmarks/evidence/standings-gate/ec53f93-34681741789/bench_results_linux-x86_64.json	build/evidence/benchmark-lead/p23/ci-34681741789/ci/bench_results_linux-x86_64.json	1d942d8f7a28b091ac13b49e686d7ed1c22c2d99c33e1b44b308dabdf587572d	ec53f93	34681741789
docs/benchmarks/evidence/standings-gate/ec53f93-34681741789/bench_results_macos-arm64.md	build/evidence/benchmark-lead/p23/ci-34681741789/ci/bench_results_macos-arm64.md	e573bc11d760cac1df951562acffd59d626678e4f69308de80bcd5f59c1f4c1f	ec53f93	34681741789
docs/benchmarks/evidence/standings-gate/ec53f93-34681741789/bench_results_macos-arm64.json	build/evidence/benchmark-lead/p23/ci-34681741789/ci/bench_results_macos-arm64.json	f16168eed2559a42b6b6ff8a5971319acf73c2ae904eafaa5869b07c093c4ef8	ec53f93	34681741789
docs/benchmarks/evidence/standings-gate/ec53f93-34681741789/bench_results_macos-x86_64.md	build/evidence/benchmark-lead/p23/ci-34681741789/ci/bench_results_macos-x86_64.md	bd204040e6989beca8132acb678496d3e8e1a86600de23709337dbb027024665	ec53f93	34681741789
docs/benchmarks/evidence/standings-gate/ec53f93-34681741789/bench_results_macos-x86_64.json	build/evidence/benchmark-lead/p23/ci-34681741789/ci/bench_results_macos-x86_64.json	5d33bbc29e464c9036edd93ac8359ada8ba77998c786b86ed4c93b247584d14e	ec53f93	34681741789
docs/benchmarks/evidence/standings-gate/ec53f93-34681741789/bench_results_windows-x86_64.md	build/evidence/benchmark-lead/p23/ci-34681741789/ci/bench_results_windows-x86_64.md	5bbd11bace9fdddcfa80b036ca0c191af6526b726423fbd95a83ebdc962df2f3	ec53f93	34681741789
docs/benchmarks/evidence/standings-gate/ec53f93-34681741789/bench_results_windows-x86_64.json	build/evidence/benchmark-lead/p23/ci-34681741789/ci/bench_results_windows-x86_64.json	b2d4718381257e369c2f2fe2b2f26a8e4cfb7184e019610391d40d14c73abbce	ec53f93	34681741789
docs/benchmarks/evidence/standings-gate/ec53f93-34681741789/run_info.json	build/evidence/benchmark-lead/p23/ci-34681741789/ci/run_info.json	891c94859f5606123e90ec672bca80fd998a0908ee3d6980be1eb0589cc4cfeb	ec53f93	34681741789
docs/benchmarks/evidence/standings-gate/b32d398-34693842452/bench_results_linux-arm64.md	build/evidence/benchmark-lead/p24/ci-34693842452/ci/bench_results_linux-arm64.md	e9f34187bece3e808e981cc6e460aa682f90f288da19ca0c704dfe95cc1dafaa	b32d398	34693842452
docs/benchmarks/evidence/standings-gate/b32d398-34693842452/bench_results_linux-arm64.json	build/evidence/benchmark-lead/p24/ci-34693842452/ci/bench_results_linux-arm64.json	b4c36902f99735538de6a49188c59e0e4f47d776827185f54d66c2321b3c6f23	b32d398	34693842452
docs/benchmarks/evidence/standings-gate/b32d398-34693842452/bench_results_linux-x86_64.md	build/evidence/benchmark-lead/p24/ci-34693842452/ci/bench_results_linux-x86_64.md	3cd990fcaee76223852360f390e354577ea40cd25fc991d36b48425827dacba2	b32d398	34693842452
docs/benchmarks/evidence/standings-gate/b32d398-34693842452/bench_results_linux-x86_64.json	build/evidence/benchmark-lead/p24/ci-34693842452/ci/bench_results_linux-x86_64.json	c40eb2dc3607cd669c32c2a4d8fcb81a49dd95f26ec4818609b2b6392df28a21	b32d398	34693842452
docs/benchmarks/evidence/standings-gate/b32d398-34693842452/bench_results_macos-arm64.md	build/evidence/benchmark-lead/p24/ci-34693842452/ci/bench_results_macos-arm64.md	294acb8fd907cb8cc2c95abea0932ef5685b1dbc9ba34c7f9499ad1a68743e73	b32d398	34693842452
docs/benchmarks/evidence/standings-gate/b32d398-34693842452/bench_results_macos-arm64.json	build/evidence/benchmark-lead/p24/ci-34693842452/ci/bench_results_macos-arm64.json	cef688fdcc935be4487d708f3f730ec4e1b50e11802d49b11f3672ae51059a7e	b32d398	34693842452
docs/benchmarks/evidence/standings-gate/b32d398-34693842452/bench_results_macos-x86_64.md	build/evidence/benchmark-lead/p24/ci-34693842452/ci/bench_results_macos-x86_64.md	10602c18efd9edc9abaab3104992c7e7134bb0c4f507c689cabfde89271a9f3f	b32d398	34693842452
docs/benchmarks/evidence/standings-gate/b32d398-34693842452/bench_results_macos-x86_64.json	build/evidence/benchmark-lead/p24/ci-34693842452/ci/bench_results_macos-x86_64.json	83348a203d353452cc5e140ce5a2777d4e6f545ce6eedfc96b2ba037f63675e4	b32d398	34693842452
docs/benchmarks/evidence/standings-gate/b32d398-34693842452/bench_results_windows-x86_64.md	build/evidence/benchmark-lead/p24/ci-34693842452/ci/bench_results_windows-x86_64.md	17dc68b0a4fd52b7600ea33cb6fb1210689dbb55a2d98420c520de640778ab9a	b32d398	34693842452
docs/benchmarks/evidence/standings-gate/b32d398-34693842452/bench_results_windows-x86_64.json	build/evidence/benchmark-lead/p24/ci-34693842452/ci/bench_results_windows-x86_64.json	a6007a0c0594176edc657f0cc53286b064daf26453c60030ce373191f984fd13	b32d398	34693842452
docs/benchmarks/evidence/standings-gate/b32d398-34693842452/run_info.json	build/evidence/benchmark-lead/p24/ci-34693842452/ci/run_info.json	fe5845107e3961191fae90ba630c27c13f6cfe7d39c81eb4db522b9b97358fa0	b32d398	34693842452
docs/benchmarks/evidence/standings-gate/b32d398-34693855300/bench_results_linux-arm64.md	build/evidence/benchmark-lead/p24/ci-34693855300/ci/bench_results_linux-arm64.md	b14bc7ddb7d95c8d71c3327cc85402400c2f433f3ae812e1fb7bd176879f557b	b32d398	34693855300
docs/benchmarks/evidence/standings-gate/b32d398-34693855300/bench_results_linux-arm64.json	build/evidence/benchmark-lead/p24/ci-34693855300/ci/bench_results_linux-arm64.json	aefe623884c87d1e74368f34e3428119ecf88e5405854d316b4555ae8b1d6b48	b32d398	34693855300
docs/benchmarks/evidence/standings-gate/b32d398-34693855300/bench_results_linux-x86_64.md	build/evidence/benchmark-lead/p24/ci-34693855300/ci/bench_results_linux-x86_64.md	6c442bbf55890fe21b41cfd64f223608ab0373d8f76d68b301490854131905d3	b32d398	34693855300
docs/benchmarks/evidence/standings-gate/b32d398-34693855300/bench_results_linux-x86_64.json	build/evidence/benchmark-lead/p24/ci-34693855300/ci/bench_results_linux-x86_64.json	9c858480f50741ed5b6b00b7fe437fac14a29313d1e5da5ac299e8cd6911f1d8	b32d398	34693855300
docs/benchmarks/evidence/standings-gate/b32d398-34693855300/bench_results_macos-arm64.md	build/evidence/benchmark-lead/p24/ci-34693855300/ci/bench_results_macos-arm64.md	555ec713022c899a18931e7a74a763f3fcfdc8f5b84b901001faa3e60c15c331	b32d398	34693855300
docs/benchmarks/evidence/standings-gate/b32d398-34693855300/bench_results_macos-arm64.json	build/evidence/benchmark-lead/p24/ci-34693855300/ci/bench_results_macos-arm64.json	62654e9424b9129ea2d7f7514eaa0b61684d272af98d37e0270b97f0c0846a36	b32d398	34693855300
docs/benchmarks/evidence/standings-gate/b32d398-34693855300/bench_results_macos-x86_64.md	build/evidence/benchmark-lead/p24/ci-34693855300/ci/bench_results_macos-x86_64.md	255a1d51beef076e256dc4cc3611552f321f0051e143e594ee7cb0df2a046b5b	b32d398	34693855300
docs/benchmarks/evidence/standings-gate/b32d398-34693855300/bench_results_macos-x86_64.json	build/evidence/benchmark-lead/p24/ci-34693855300/ci/bench_results_macos-x86_64.json	6ea211247d24c78d3e55739fab1a9d9135702f1c61ed69c14a00f1e19f5cccf8	b32d398	34693855300
docs/benchmarks/evidence/standings-gate/b32d398-34693855300/bench_results_windows-x86_64.md	build/evidence/benchmark-lead/p24/ci-34693855300/ci/bench_results_windows-x86_64.md	f7c77608acbc297f47d4ea610d098cf52c74cde71da37d0b77476c1f10b98eb3	b32d398	34693855300
docs/benchmarks/evidence/standings-gate/b32d398-34693855300/bench_results_windows-x86_64.json	build/evidence/benchmark-lead/p24/ci-34693855300/ci/bench_results_windows-x86_64.json	738740513e893d22efe6d93d3669cd3af38e22a669cd5202fab05df81b0c726a	b32d398	34693855300
docs/benchmarks/evidence/standings-gate/b32d398-34693855300/run_info.json	build/evidence/benchmark-lead/p24/ci-34693855300/ci/run_info.json	da6634405544de6c7dfa74ae1ac9c0f532cbf940905ef3e86488d27c254c1717	b32d398	34693855300
docs/benchmarks/evidence/standings-gate/ec04112-34709994931/bench_results_linux-arm64.md	build/evidence/benchmark-lead/p24/ci-34709994931/ci/bench_results_linux-arm64.md	530eca43419f28883373eba1873052a307a7b7ef922bbdf8f16cce6f9052a246	ec04112	34709994931
docs/benchmarks/evidence/standings-gate/ec04112-34709994931/bench_results_linux-arm64.json	build/evidence/benchmark-lead/p24/ci-34709994931/ci/bench_results_linux-arm64.json	192cdd3884480afe9ea810a43a82fa6fb7b731c3ef3b21bcf36a416289856f6a	ec04112	34709994931
docs/benchmarks/evidence/standings-gate/ec04112-34709994931/bench_results_linux-x86_64.md	build/evidence/benchmark-lead/p24/ci-34709994931/ci/bench_results_linux-x86_64.md	98d100c0b9c8d600445aafdb95c973779bc7e64b8de98e6e7a0f894183cbed51	ec04112	34709994931
docs/benchmarks/evidence/standings-gate/ec04112-34709994931/bench_results_linux-x86_64.json	build/evidence/benchmark-lead/p24/ci-34709994931/ci/bench_results_linux-x86_64.json	6d379aef746a51d418331b90cb0b2456a15aea03cec421870fdfa05d0aab74b6	ec04112	34709994931
docs/benchmarks/evidence/standings-gate/ec04112-34709994931/bench_results_macos-arm64.md	build/evidence/benchmark-lead/p24/ci-34709994931/ci/bench_results_macos-arm64.md	705e60a9cb509792e4e2e3e86c4e57dd0520e545a79d589c853ab12a5dda1121	ec04112	34709994931
docs/benchmarks/evidence/standings-gate/ec04112-34709994931/bench_results_macos-arm64.json	build/evidence/benchmark-lead/p24/ci-34709994931/ci/bench_results_macos-arm64.json	d2c027f2f6e2bf8cc92dd4b7b959dab95deba0f4c8a9f1627541961fa243170b	ec04112	34709994931
docs/benchmarks/evidence/standings-gate/ec04112-34709994931/bench_results_macos-x86_64.md	build/evidence/benchmark-lead/p24/ci-34709994931/ci/bench_results_macos-x86_64.md	af0813f084332fef0d9d0c33e91975dcd2cf0ae5d1f2bb5f6ffe246db95f22b5	ec04112	34709994931
docs/benchmarks/evidence/standings-gate/ec04112-34709994931/bench_results_macos-x86_64.json	build/evidence/benchmark-lead/p24/ci-34709994931/ci/bench_results_macos-x86_64.json	497a8d80aef60ed4382a6ef5a3f58fcf8e0bb0e1dfcf11bd65a5b1dd1300af96	ec04112	34709994931
docs/benchmarks/evidence/standings-gate/ec04112-34709994931/bench_results_windows-x86_64.md	build/evidence/benchmark-lead/p24/ci-34709994931/ci/bench_results_windows-x86_64.md	cfc289305588840db33ba84dc4ab143a0c8ef86fa1a4b7b13436af4b10b9a178	ec04112	34709994931
docs/benchmarks/evidence/standings-gate/ec04112-34709994931/bench_results_windows-x86_64.json	build/evidence/benchmark-lead/p24/ci-34709994931/ci/bench_results_windows-x86_64.json	a5e04f81f773d8062981532315bf3df83a90086bb297e09edd353f3067518fa7	ec04112	34709994931
docs/benchmarks/evidence/standings-gate/ec04112-34709994931/run_info.json	build/evidence/benchmark-lead/p24/ci-34709994931/ci/run_info.json	345a4e8ea3c834131e17cbcfb627fc74bcf49d6e2df464c0c93239ad217b2df7	ec04112	34709994931
docs/benchmarks/evidence/standings-gate/ec04112-34710005274/bench_results_linux-arm64.md	build/evidence/benchmark-lead/p24/ci-34710005274/ci/bench_results_linux-arm64.md	e3d6988c82d636bf13963b0a07c189c49d65112bcac059566b2cedac5c9928b4	ec04112	34710005274
docs/benchmarks/evidence/standings-gate/ec04112-34710005274/bench_results_linux-arm64.json	build/evidence/benchmark-lead/p24/ci-34710005274/ci/bench_results_linux-arm64.json	661f4a6c62b6aa1676b02de9d5391de75d23a1e9327b2e26c33fc118fbf7cb81	ec04112	34710005274
docs/benchmarks/evidence/standings-gate/ec04112-34710005274/bench_results_linux-x86_64.md	build/evidence/benchmark-lead/p24/ci-34710005274/ci/bench_results_linux-x86_64.md	3b9ce57eb205800ea12eb1969b2420feb832e65becac973af0fb656b7c3104be	ec04112	34710005274
docs/benchmarks/evidence/standings-gate/ec04112-34710005274/bench_results_linux-x86_64.json	build/evidence/benchmark-lead/p24/ci-34710005274/ci/bench_results_linux-x86_64.json	701d368c8fc22d906ca05c1f6d36a5ceb10f4ffb677c127d7edb28cb24705a80	ec04112	34710005274
docs/benchmarks/evidence/standings-gate/ec04112-34710005274/bench_results_macos-arm64.md	build/evidence/benchmark-lead/p24/ci-34710005274/ci/bench_results_macos-arm64.md	999fadca441df951628b85d4ee0eb2b23bb4b8632b087a04f2fca370aa7075be	ec04112	34710005274
docs/benchmarks/evidence/standings-gate/ec04112-34710005274/bench_results_macos-arm64.json	build/evidence/benchmark-lead/p24/ci-34710005274/ci/bench_results_macos-arm64.json	1eedf11b47894c600aabbb2b90dea2d256aeb02f545fd3de41d8dd910ab7fceb	ec04112	34710005274
docs/benchmarks/evidence/standings-gate/ec04112-34710005274/bench_results_macos-x86_64.md	build/evidence/benchmark-lead/p24/ci-34710005274/ci/bench_results_macos-x86_64.md	dc27ec43be8d74d8e463824d760ef64b873a16e9c9db022764e49fd054c96f24	ec04112	34710005274
docs/benchmarks/evidence/standings-gate/ec04112-34710005274/bench_results_macos-x86_64.json	build/evidence/benchmark-lead/p24/ci-34710005274/ci/bench_results_macos-x86_64.json	11d16fa14d875de7c7b72517c9e7c24dd10aee1ae4d61a7fa3f32801585f5e10	ec04112	34710005274
docs/benchmarks/evidence/standings-gate/ec04112-34710005274/bench_results_windows-x86_64.md	build/evidence/benchmark-lead/p24/ci-34710005274/ci/bench_results_windows-x86_64.md	5a6970d9ad6eae52d57b5dcfa1095b105bf4f257822274731b9a06272ffadebf	ec04112	34710005274
docs/benchmarks/evidence/standings-gate/ec04112-34710005274/bench_results_windows-x86_64.json	build/evidence/benchmark-lead/p24/ci-34710005274/ci/bench_results_windows-x86_64.json	3e6784c69a2ab2c32556dd776766b1c483175de5a15884731733a9b4ba6fd4f5	ec04112	34710005274
docs/benchmarks/evidence/standings-gate/ec04112-34710005274/run_info.json	build/evidence/benchmark-lead/p24/ci-34710005274/ci/run_info.json	fba06413dba63dfd00bc7556979c83bd313430e90d72daa634d95b2b71ed0f4b	ec04112	34710005274
docs/benchmarks/evidence/standings-gate/85eb358-35265975969/bench_results_linux-arm64.md	build/evidence/benchmark-lead/p28/ci-35265975969/ci/bench_results_linux-arm64.md	83482f04653b528408dcf9f406da2e95967a89a6aa7efa1b491fec7afc72f748	85eb358	35265975969
docs/benchmarks/evidence/standings-gate/85eb358-35265975969/bench_results_linux-arm64.json	build/evidence/benchmark-lead/p28/ci-35265975969/ci/bench_results_linux-arm64.json	4d9e45f1897f340e958e57749d1bbe2ec233383835825b0bc47f2c1680ced571	85eb358	35265975969
docs/benchmarks/evidence/standings-gate/85eb358-35265975969/bench_results_linux-x86_64.md	build/evidence/benchmark-lead/p28/ci-35265975969/ci/bench_results_linux-x86_64.md	62a97d1f7fc82a6370a3e5fd168da957d0a667dd0650a8f841ebd2aa6cee06f2	85eb358	35265975969
docs/benchmarks/evidence/standings-gate/85eb358-35265975969/bench_results_linux-x86_64.json	build/evidence/benchmark-lead/p28/ci-35265975969/ci/bench_results_linux-x86_64.json	3d4e828ade3187406d81c52fc783ee6aaf6594b9e5b0b1a8d4812756071c75c4	85eb358	35265975969
docs/benchmarks/evidence/standings-gate/85eb358-35265975969/bench_results_macos-arm64.md	build/evidence/benchmark-lead/p28/ci-35265975969/ci/bench_results_macos-arm64.md	00aad1c08c63745b62d889062d9af342e231df5bf4692fb7c4be6fd3bfe57274	85eb358	35265975969
docs/benchmarks/evidence/standings-gate/85eb358-35265975969/bench_results_macos-arm64.json	build/evidence/benchmark-lead/p28/ci-35265975969/ci/bench_results_macos-arm64.json	d7f520e4e6f05e676d35cc27b30bbfaa407479d916d01a38bd40b84f2c391531	85eb358	35265975969
docs/benchmarks/evidence/standings-gate/85eb358-35265975969/bench_results_macos-x86_64.md	build/evidence/benchmark-lead/p28/ci-35265975969/ci/bench_results_macos-x86_64.md	2b768a7db5593cd0f909ac4c1275c6d7fb9c4b41a05f8aa919bf5d1c2a21023a	85eb358	35265975969
docs/benchmarks/evidence/standings-gate/85eb358-35265975969/bench_results_macos-x86_64.json	build/evidence/benchmark-lead/p28/ci-35265975969/ci/bench_results_macos-x86_64.json	15737567876131f50e431daf0aa5a840808ce9772a5cb3530e854b56ba67bc0c	85eb358	35265975969
docs/benchmarks/evidence/standings-gate/85eb358-35265975969/bench_results_windows-x86_64.md	build/evidence/benchmark-lead/p28/ci-35265975969/ci/bench_results_windows-x86_64.md	65c4c4a71d56352b330b32bb37f2b89e7cb5d9ae1f10c2fc15790982fe8b05c0	85eb358	35265975969
docs/benchmarks/evidence/standings-gate/85eb358-35265975969/bench_results_windows-x86_64.json	build/evidence/benchmark-lead/p28/ci-35265975969/ci/bench_results_windows-x86_64.json	e7c8f7a53d45cd2b42f60ba000adff1c10d6e99311e6aed736771b232d7352bd	85eb358	35265975969
docs/benchmarks/evidence/standings-gate/85eb358-35265975969/run_info.json	build/evidence/benchmark-lead/p28/ci-35265975969/ci/run_info.json	5f70038212068de90141579aa5bca71a55e8955897a2a489f14648ad470d0e19	85eb358	35265975969
docs/benchmarks/evidence/standings-gate/85eb358-35267792012/bench_results_linux-arm64.md	build/evidence/benchmark-lead/p28/ci-35267792012/ci/bench_results_linux-arm64.md	ebfa05ec2ed2e98db90bd8f60fbd2f9bacf0bc9c5f1466cce5de43817b7652e7	85eb358	35267792012
docs/benchmarks/evidence/standings-gate/85eb358-35267792012/bench_results_linux-arm64.json	build/evidence/benchmark-lead/p28/ci-35267792012/ci/bench_results_linux-arm64.json	660813b5522b910e75cb27d6f997af2ac878bebcb5c259b84ce7f315e90ca795	85eb358	35267792012
docs/benchmarks/evidence/standings-gate/85eb358-35267792012/bench_results_linux-x86_64.md	build/evidence/benchmark-lead/p28/ci-35267792012/ci/bench_results_linux-x86_64.md	ae7e8752d244bf010e4ce25632919c2b1392fab7ad3a2e6fc2f4e2a74d46f709	85eb358	35267792012
docs/benchmarks/evidence/standings-gate/85eb358-35267792012/bench_results_linux-x86_64.json	build/evidence/benchmark-lead/p28/ci-35267792012/ci/bench_results_linux-x86_64.json	00005539114c5698ffa9de899b533c5284d571a7e9066121e1579bd29a6684fd	85eb358	35267792012
docs/benchmarks/evidence/standings-gate/85eb358-35267792012/bench_results_macos-arm64.md	build/evidence/benchmark-lead/p28/ci-35267792012/ci/bench_results_macos-arm64.md	62d778a09945666d619848ee4c384736db80242740a14016bee9746ab0cf1aad	85eb358	35267792012
docs/benchmarks/evidence/standings-gate/85eb358-35267792012/bench_results_macos-arm64.json	build/evidence/benchmark-lead/p28/ci-35267792012/ci/bench_results_macos-arm64.json	01d847080c79eb9cf3dcf786ef583040933bc8c9fcdf269f7c8b88abef8a0b92	85eb358	35267792012
docs/benchmarks/evidence/standings-gate/85eb358-35267792012/bench_results_macos-x86_64.md	build/evidence/benchmark-lead/p28/ci-35267792012/ci/bench_results_macos-x86_64.md	db75fdf9538270b676a8af8f356a63cedb7a2c6e631e0d4dd85af9245b70eaad	85eb358	35267792012
docs/benchmarks/evidence/standings-gate/85eb358-35267792012/bench_results_macos-x86_64.json	build/evidence/benchmark-lead/p28/ci-35267792012/ci/bench_results_macos-x86_64.json	31b1c3ed109f6aad78b750432b68c8cc23c77eb167472eeb89804a5e6691c426	85eb358	35267792012
docs/benchmarks/evidence/standings-gate/85eb358-35267792012/bench_results_windows-x86_64.md	build/evidence/benchmark-lead/p28/ci-35267792012/ci/bench_results_windows-x86_64.md	d8b8091b0414521331099b02ad081fab22d6b86a35c24477937aa3b5982f6630	85eb358	35267792012
docs/benchmarks/evidence/standings-gate/85eb358-35267792012/bench_results_windows-x86_64.json	build/evidence/benchmark-lead/p28/ci-35267792012/ci/bench_results_windows-x86_64.json	e0d2be9b15fc7187ed1b4845e6bc3a0abf6fd74c6cb1cc449651ef7320758adf	85eb358	35267792012
docs/benchmarks/evidence/standings-gate/85eb358-35267792012/run_info.json	build/evidence/benchmark-lead/p28/ci-35267792012/ci/run_info.json	254e2b5fa7c4d9534a3f5abd3bd9c98efc5a20dad97168cefe3fe7c502b014f9	85eb358	35267792012
docs/benchmarks/evidence/standings-gate/38cf284-35275497426/bench_results_linux-arm64.md	build/evidence/benchmark-lead/p28/ci-35275497426/ci/bench_results_linux-arm64.md	b0020574120f6bb2c8ed167141b761b31bcef969bbcc358d510411b057816995	38cf284	35275497426
docs/benchmarks/evidence/standings-gate/38cf284-35275497426/bench_results_linux-arm64.json	build/evidence/benchmark-lead/p28/ci-35275497426/ci/bench_results_linux-arm64.json	e88d89e3c3116cfdca155eb668a64431d00077c9cb1bd9e1fe7076f031ed3a8a	38cf284	35275497426
docs/benchmarks/evidence/standings-gate/38cf284-35275497426/bench_results_linux-x86_64.md	build/evidence/benchmark-lead/p28/ci-35275497426/ci/bench_results_linux-x86_64.md	98d7decd987c37516c71a212350b61ee6413405b7978c3f57a848b6b84572857	38cf284	35275497426
docs/benchmarks/evidence/standings-gate/38cf284-35275497426/bench_results_linux-x86_64.json	build/evidence/benchmark-lead/p28/ci-35275497426/ci/bench_results_linux-x86_64.json	055e7c58c9160917be31d364c986abef516aa28586c9751e7f8f0ed87fe51e0c	38cf284	35275497426
docs/benchmarks/evidence/standings-gate/38cf284-35275497426/bench_results_macos-arm64.md	build/evidence/benchmark-lead/p28/ci-35275497426/ci/bench_results_macos-arm64.md	bbcbfa9bb3de8c8fe31db86b489b2e5b15c68cf73c4fecfdf6bd239d6deb81e2	38cf284	35275497426
docs/benchmarks/evidence/standings-gate/38cf284-35275497426/bench_results_macos-arm64.json	build/evidence/benchmark-lead/p28/ci-35275497426/ci/bench_results_macos-arm64.json	2429e6aed3b882b72cf10fdbffa8692236c8e32e93420733a0035856f0f9773d	38cf284	35275497426
docs/benchmarks/evidence/standings-gate/38cf284-35275497426/bench_results_macos-x86_64.md	build/evidence/benchmark-lead/p28/ci-35275497426/ci/bench_results_macos-x86_64.md	167d473808602fdc317f95f6cafedba6d768b74836ca229ca6b8478e87771da8	38cf284	35275497426
docs/benchmarks/evidence/standings-gate/38cf284-35275497426/bench_results_macos-x86_64.json	build/evidence/benchmark-lead/p28/ci-35275497426/ci/bench_results_macos-x86_64.json	7bf60d1438e426c4d316cdd3d5d89a3f6d5f993598f8f38a59064254a3ea60e0	38cf284	35275497426
docs/benchmarks/evidence/standings-gate/38cf284-35275497426/bench_results_windows-x86_64.md	build/evidence/benchmark-lead/p28/ci-35275497426/ci/bench_results_windows-x86_64.md	a4faf35906f3504a61b296072492803f100fe9bed390c34512a78ecd3dee7cfa	38cf284	35275497426
docs/benchmarks/evidence/standings-gate/38cf284-35275497426/bench_results_windows-x86_64.json	build/evidence/benchmark-lead/p28/ci-35275497426/ci/bench_results_windows-x86_64.json	ae86101f697a5dea6b5841d945df1b46afac85c8dff0201bf299d574fe1ae48a	38cf284	35275497426
docs/benchmarks/evidence/standings-gate/38cf284-35275497426/run_info.json	build/evidence/benchmark-lead/p28/ci-35275497426/ci/run_info.json	b808ea79f44ae9ae7950eeca45555968ead581b2fba1b2398e81d6583edafcf9	38cf284	35275497426
docs/benchmarks/evidence/standings-gate/c89aea8-35277206429/bench_results_linux-arm64.md	build/evidence/benchmark-lead/p28/ci-35277206429/ci/bench_results_linux-arm64.md	8ffabb016d3299a60bdd40df74c1f5f1b08d134376d893f473f5e74e51016eed	c89aea8	35277206429
docs/benchmarks/evidence/standings-gate/c89aea8-35277206429/bench_results_linux-arm64.json	build/evidence/benchmark-lead/p28/ci-35277206429/ci/bench_results_linux-arm64.json	01ebc853623a59e051b41c6cbd7b59ad785b7a1a8a253b12940a3eb8f6332f44	c89aea8	35277206429
docs/benchmarks/evidence/standings-gate/c89aea8-35277206429/bench_results_linux-x86_64.md	build/evidence/benchmark-lead/p28/ci-35277206429/ci/bench_results_linux-x86_64.md	f62ac6eaaf9605ca734578136dec9412936da2743eb9a640a06251e4dc38d815	c89aea8	35277206429
docs/benchmarks/evidence/standings-gate/c89aea8-35277206429/bench_results_linux-x86_64.json	build/evidence/benchmark-lead/p28/ci-35277206429/ci/bench_results_linux-x86_64.json	f05ee0bf5c662f88ef94afa121a9b13fb81a9b1ee5da84c973db8d50a9fd6373	c89aea8	35277206429
docs/benchmarks/evidence/standings-gate/c89aea8-35277206429/bench_results_macos-arm64.md	build/evidence/benchmark-lead/p28/ci-35277206429/ci/bench_results_macos-arm64.md	eb97537a7389c4699e7b83340d50d7f5586c166ecd19669bdef615bb37ae22de	c89aea8	35277206429
docs/benchmarks/evidence/standings-gate/c89aea8-35277206429/bench_results_macos-arm64.json	build/evidence/benchmark-lead/p28/ci-35277206429/ci/bench_results_macos-arm64.json	a3b294633726be9d50fae5525f9aa7f392e463c1b28d22cf7bd56890401a9db8	c89aea8	35277206429
docs/benchmarks/evidence/standings-gate/c89aea8-35277206429/bench_results_macos-x86_64.md	build/evidence/benchmark-lead/p28/ci-35277206429/ci/bench_results_macos-x86_64.md	6d2f339dc8edd5d0c54219ae23be5e525b74426fd541f8ceb258a9e505739f56	c89aea8	35277206429
docs/benchmarks/evidence/standings-gate/c89aea8-35277206429/bench_results_macos-x86_64.json	build/evidence/benchmark-lead/p28/ci-35277206429/ci/bench_results_macos-x86_64.json	0455ba127186c11622b01e95e4203a429edb01f784d38bc631d97546bcd57c07	c89aea8	35277206429
docs/benchmarks/evidence/standings-gate/c89aea8-35277206429/bench_results_windows-x86_64.md	build/evidence/benchmark-lead/p28/ci-35277206429/ci/bench_results_windows-x86_64.md	ead0df6796acd6873078b9ceff0c8d99e0cb8e19851f5dff125f194cef6eff9e	c89aea8	35277206429
docs/benchmarks/evidence/standings-gate/c89aea8-35277206429/bench_results_windows-x86_64.json	build/evidence/benchmark-lead/p28/ci-35277206429/ci/bench_results_windows-x86_64.json	2151ad5b32027d72cb884762f7f38d9322a94094377a8cc3beffa9c3cfdf6cc3	c89aea8	35277206429
docs/benchmarks/evidence/standings-gate/c89aea8-35277206429/run_info.json	build/evidence/benchmark-lead/p28/ci-35277206429/ci/run_info.json	846265a24a34ea0d8e99e5424ba1f9d92886cb9799fd72a523019cd2e8a658d3	c89aea8	35277206429
docs/benchmarks/evidence/standings-gate/6e4d93e-35287410197/bench_results_linux-arm64.md	build/evidence/benchmark-lead/p28/ci-35287410197/ci/bench_results_linux-arm64.md	917567aa812ec300d52391d9ebb043713c6dceb8435276786e74a22ec883bbcb	6e4d93e	35287410197
docs/benchmarks/evidence/standings-gate/6e4d93e-35287410197/bench_results_linux-arm64.json	build/evidence/benchmark-lead/p28/ci-35287410197/ci/bench_results_linux-arm64.json	21f933a11eac2f675b299441f6f48e5627557508c2ff8cefd4bae8fba909888d	6e4d93e	35287410197
docs/benchmarks/evidence/standings-gate/6e4d93e-35287410197/bench_results_linux-x86_64.md	build/evidence/benchmark-lead/p28/ci-35287410197/ci/bench_results_linux-x86_64.md	248a38a34d189f3da076b7b6362fb288ecb9346981057cdeaf5dbfd4d07873c2	6e4d93e	35287410197
docs/benchmarks/evidence/standings-gate/6e4d93e-35287410197/bench_results_linux-x86_64.json	build/evidence/benchmark-lead/p28/ci-35287410197/ci/bench_results_linux-x86_64.json	c11f72f479e03b8bbd050fffe0d8deda0bd60ceae18b6d23d5474c1a8f646d99	6e4d93e	35287410197
docs/benchmarks/evidence/standings-gate/6e4d93e-35287410197/bench_results_macos-arm64.md	build/evidence/benchmark-lead/p28/ci-35287410197/ci/bench_results_macos-arm64.md	cd05133e7e63b3211d1bcbce1175bf5fa40b822f251464b9aa27af6b8af13400	6e4d93e	35287410197
docs/benchmarks/evidence/standings-gate/6e4d93e-35287410197/bench_results_macos-arm64.json	build/evidence/benchmark-lead/p28/ci-35287410197/ci/bench_results_macos-arm64.json	6eddc0df52995b84567c31f6c2bfe6e4a8ebe8e5ced79027d09954f63caffa47	6e4d93e	35287410197
docs/benchmarks/evidence/standings-gate/6e4d93e-35287410197/bench_results_macos-x86_64.md	build/evidence/benchmark-lead/p28/ci-35287410197/ci/bench_results_macos-x86_64.md	86138717c7aea88900ce145eac969a36fa7db8b5f736f4beaa333b1205cf20d3	6e4d93e	35287410197
docs/benchmarks/evidence/standings-gate/6e4d93e-35287410197/bench_results_macos-x86_64.json	build/evidence/benchmark-lead/p28/ci-35287410197/ci/bench_results_macos-x86_64.json	54b80bee11715d3bd7caa1d2df2448d59a5ec9d072c27c76882ba282b8e3eaaf	6e4d93e	35287410197
docs/benchmarks/evidence/standings-gate/6e4d93e-35287410197/bench_results_windows-x86_64.md	build/evidence/benchmark-lead/p28/ci-35287410197/ci/bench_results_windows-x86_64.md	514cd2c603590b50abe5fe4c503f6a9ccd4f827ba9037a70748ea8dc4753d83c	6e4d93e	35287410197
docs/benchmarks/evidence/standings-gate/6e4d93e-35287410197/bench_results_windows-x86_64.json	build/evidence/benchmark-lead/p28/ci-35287410197/ci/bench_results_windows-x86_64.json	102ff1ea251a8957204ec0336f869d370f789c48384de7aabe70abe70cad5e60	6e4d93e	35287410197
docs/benchmarks/evidence/standings-gate/6e4d93e-35287410197/run_info.json	build/evidence/benchmark-lead/p28/ci-35287410197/ci/run_info.json	c5e3251e3a1017c639a1c479192831a349fc363391ceb0ff1d22a5a7f0e762a1	6e4d93e	35287410197
docs/benchmarks/evidence/standings-gate/baba505-35299852958/bench_results_linux-arm64.md	build/evidence/benchmark-lead/p28/ci-35299852958/ci/bench_results_linux-arm64.md	d913217ff144e910141a01964d96fba1bbc20b7cefb8b672bfae28a8ea3ad7c9	baba505	35299852958
docs/benchmarks/evidence/standings-gate/baba505-35299852958/bench_results_linux-arm64.json	build/evidence/benchmark-lead/p28/ci-35299852958/ci/bench_results_linux-arm64.json	9d973ca39990a6e0605b21c08abf2e933522c3c66ae31ca5e47e8ec15d19c4fd	baba505	35299852958
docs/benchmarks/evidence/standings-gate/baba505-35299852958/bench_results_linux-x86_64.md	build/evidence/benchmark-lead/p28/ci-35299852958/ci/bench_results_linux-x86_64.md	d26cb9861f37d390f6e27948555dd8b27ae7496e591227b4028d6fc3beed9453	baba505	35299852958
docs/benchmarks/evidence/standings-gate/baba505-35299852958/bench_results_linux-x86_64.json	build/evidence/benchmark-lead/p28/ci-35299852958/ci/bench_results_linux-x86_64.json	32744716c9c6e5ad66d3ff23a3bbded9d2fd254c29e277bda26a3329b5491921	baba505	35299852958
docs/benchmarks/evidence/standings-gate/baba505-35299852958/bench_results_macos-arm64.md	build/evidence/benchmark-lead/p28/ci-35299852958/ci/bench_results_macos-arm64.md	e98f50b462f5c10f33f8b2b375089c8e5b998788ed26d2c8c965b7c737badb96	baba505	35299852958
docs/benchmarks/evidence/standings-gate/baba505-35299852958/bench_results_macos-arm64.json	build/evidence/benchmark-lead/p28/ci-35299852958/ci/bench_results_macos-arm64.json	6c5d419013dd8441a6b25905038f50c1bd7ade8a15e3986e95c2d7b4824e0f61	baba505	35299852958
docs/benchmarks/evidence/standings-gate/baba505-35299852958/bench_results_macos-x86_64.md	build/evidence/benchmark-lead/p28/ci-35299852958/ci/bench_results_macos-x86_64.md	18d53d8cc540a87d7cea52e0e49c613e8b6add2125ec79f3324aed942dcb3639	baba505	35299852958
docs/benchmarks/evidence/standings-gate/baba505-35299852958/bench_results_macos-x86_64.json	build/evidence/benchmark-lead/p28/ci-35299852958/ci/bench_results_macos-x86_64.json	3fbc7cf4bdfbfdf02a72e73b7405b66cc8465e635da64d8b375a5cb654d419ff	baba505	35299852958
docs/benchmarks/evidence/standings-gate/baba505-35299852958/bench_results_windows-x86_64.md	build/evidence/benchmark-lead/p28/ci-35299852958/ci/bench_results_windows-x86_64.md	62b83176d1953f2ec2df79766d25700fd5c47c49104da9142446c1b0e287062a	baba505	35299852958
docs/benchmarks/evidence/standings-gate/baba505-35299852958/bench_results_windows-x86_64.json	build/evidence/benchmark-lead/p28/ci-35299852958/ci/bench_results_windows-x86_64.json	790b1dd53f7ee191d223d75cd380d5c470f41c00ca58d34e72d5ee92bca4a4c7	baba505	35299852958
docs/benchmarks/evidence/standings-gate/baba505-35299852958/run_info.json	build/evidence/benchmark-lead/p28/ci-35299852958/ci/run_info.json	ddcb41cbbf29fe0f948c9007d37ef82b80669558dffcfce2939a406b0581edd1	baba505	35299852958
docs/benchmarks/evidence/standings-gate/c16eaa6-35301268133/bench_results_linux-arm64.md	build/evidence/benchmark-lead/p28/ci-35301268133/ci/bench_results_linux-arm64.md	c87b842859debc9f2e75c3570c885d549f91d34a6041270822587898b99ee536	c16eaa6	35301268133
docs/benchmarks/evidence/standings-gate/c16eaa6-35301268133/bench_results_linux-arm64.json	build/evidence/benchmark-lead/p28/ci-35301268133/ci/bench_results_linux-arm64.json	28e518b1bc36278e1f5beef8156dea6bd6d2d461310f1d22978a644d95ab920d	c16eaa6	35301268133
docs/benchmarks/evidence/standings-gate/c16eaa6-35301268133/bench_results_linux-x86_64.md	build/evidence/benchmark-lead/p28/ci-35301268133/ci/bench_results_linux-x86_64.md	b8f7824ff88b50980c8232e18f7dac4509d4b1f77675544ece8ce4c6c15bf680	c16eaa6	35301268133
docs/benchmarks/evidence/standings-gate/c16eaa6-35301268133/bench_results_linux-x86_64.json	build/evidence/benchmark-lead/p28/ci-35301268133/ci/bench_results_linux-x86_64.json	6bbb8e25eb5854f8052dd5a43f619c27c486367078fd11de61fc230e1e02ce2e	c16eaa6	35301268133
docs/benchmarks/evidence/standings-gate/c16eaa6-35301268133/bench_results_macos-arm64.md	build/evidence/benchmark-lead/p28/ci-35301268133/ci/bench_results_macos-arm64.md	edb3933917987b099771fe8c0ce11f96c0742166e63b908cc96726534bb12e33	c16eaa6	35301268133
docs/benchmarks/evidence/standings-gate/c16eaa6-35301268133/bench_results_macos-arm64.json	build/evidence/benchmark-lead/p28/ci-35301268133/ci/bench_results_macos-arm64.json	a3d9b7baaffa213e953c23a04bbe7cf02cc46d2d1a0345f3e43733a789a8fad5	c16eaa6	35301268133
docs/benchmarks/evidence/standings-gate/c16eaa6-35301268133/bench_results_macos-x86_64.md	build/evidence/benchmark-lead/p28/ci-35301268133/ci/bench_results_macos-x86_64.md	3f815c20ca5e0c04f91c80676859f40836818a82d22d7dc6a35f4bf4ddc6d2aa	c16eaa6	35301268133
docs/benchmarks/evidence/standings-gate/c16eaa6-35301268133/bench_results_macos-x86_64.json	build/evidence/benchmark-lead/p28/ci-35301268133/ci/bench_results_macos-x86_64.json	55a2512c9a7204c5e53054d33440eecd99f5e4434d5ccea4f73f0511b4331f2e	c16eaa6	35301268133
docs/benchmarks/evidence/standings-gate/c16eaa6-35301268133/bench_results_windows-x86_64.md	build/evidence/benchmark-lead/p28/ci-35301268133/ci/bench_results_windows-x86_64.md	f62fb4c4e75353c66ae09e7912109b9ee4edf7394cccf7c04a2fcde84f8ed27a	c16eaa6	35301268133
docs/benchmarks/evidence/standings-gate/c16eaa6-35301268133/bench_results_windows-x86_64.json	build/evidence/benchmark-lead/p28/ci-35301268133/ci/bench_results_windows-x86_64.json	b57daf9c149924def0298c4e193931f5117ac0be43d8b4e2bfca851776469bc0	c16eaa6	35301268133
docs/benchmarks/evidence/standings-gate/c16eaa6-35301268133/run_info.json	build/evidence/benchmark-lead/p28/ci-35301268133/ci/run_info.json	d5b5a39a63c49975742190add70134b9fd260e0b9754b4a1790de5bb9a8319eb	c16eaa6	35301268133
docs/benchmarks/evidence/standings-gate/c16eaa6-35302423771/bench_results_linux-arm64.md	build/evidence/benchmark-lead/p28/ci-35302423771/ci/bench_results_linux-arm64.md	5824970c175cc7697578b0061e1b3d4da0ea051025c538694ea925ee7e0b9d73	c16eaa6	35302423771
docs/benchmarks/evidence/standings-gate/c16eaa6-35302423771/bench_results_linux-arm64.json	build/evidence/benchmark-lead/p28/ci-35302423771/ci/bench_results_linux-arm64.json	848940903b0da64a577a1c475a9fa9990582444f4ea30f5cd1d14c6237b1a9c0	c16eaa6	35302423771
docs/benchmarks/evidence/standings-gate/c16eaa6-35302423771/bench_results_linux-x86_64.md	build/evidence/benchmark-lead/p28/ci-35302423771/ci/bench_results_linux-x86_64.md	88d68cd18699b50ac450a6edbd9d4b1558c71e219c89bf6fd1218f6aa7ca6a76	c16eaa6	35302423771
docs/benchmarks/evidence/standings-gate/c16eaa6-35302423771/bench_results_linux-x86_64.json	build/evidence/benchmark-lead/p28/ci-35302423771/ci/bench_results_linux-x86_64.json	802fd287518800e52da73d9b4bebac2dc0d6639e4b87aec7ad3ff15baa158425	c16eaa6	35302423771
docs/benchmarks/evidence/standings-gate/c16eaa6-35302423771/bench_results_macos-arm64.md	build/evidence/benchmark-lead/p28/ci-35302423771/ci/bench_results_macos-arm64.md	337c5c96c9fab004f295234a844b40b9931e19e56ca95a08ac4ec573d79bb866	c16eaa6	35302423771
docs/benchmarks/evidence/standings-gate/c16eaa6-35302423771/bench_results_macos-arm64.json	build/evidence/benchmark-lead/p28/ci-35302423771/ci/bench_results_macos-arm64.json	50f9fe95b589719a4417f9003366dcbb621992d55865ced6ffacf749ff06e3f0	c16eaa6	35302423771
docs/benchmarks/evidence/standings-gate/c16eaa6-35302423771/bench_results_macos-x86_64.md	build/evidence/benchmark-lead/p28/ci-35302423771/ci/bench_results_macos-x86_64.md	d0f443f095e3f8bd0ddb51e4cef0e0d9bb267e130043d5e1bc4551d6a5072a99	c16eaa6	35302423771
docs/benchmarks/evidence/standings-gate/c16eaa6-35302423771/bench_results_macos-x86_64.json	build/evidence/benchmark-lead/p28/ci-35302423771/ci/bench_results_macos-x86_64.json	1aa19bdca29bf24ab38fd5c93b4e7a9bc3e7deb586cd268e3440f3c9f8c9a2bf	c16eaa6	35302423771
docs/benchmarks/evidence/standings-gate/c16eaa6-35302423771/bench_results_windows-x86_64.md	build/evidence/benchmark-lead/p28/ci-35302423771/ci/bench_results_windows-x86_64.md	2cc244b872d9fb7b25b63d5bef54a6d7f5e9b1d1915185778010995b404626ff	c16eaa6	35302423771
docs/benchmarks/evidence/standings-gate/c16eaa6-35302423771/bench_results_windows-x86_64.json	build/evidence/benchmark-lead/p28/ci-35302423771/ci/bench_results_windows-x86_64.json	14ab22bd19e09f3a2ef006257df487b8dee695bfe6dcdb8fdaa7dad73686291a	c16eaa6	35302423771
docs/benchmarks/evidence/standings-gate/c16eaa6-35302423771/run_info.json	build/evidence/benchmark-lead/p28/ci-35302423771/ci/run_info.json	1ba45c18927098361fbabdd34aae9aa7f6cedf1e961f7c55d89ef3eeb612ca63	c16eaa6	35302423771
docs/benchmarks/evidence/standings-gate/c16eaa6-35303339402/bench_results_linux-arm64.md	build/evidence/benchmark-lead/p28/ci-35303339402/ci/bench_results_linux-arm64.md	48fdfa4a36ecd28c5d20554f19c40de3a5730d98870741eb4cf700cda7f1cc43	c16eaa6	35303339402
docs/benchmarks/evidence/standings-gate/c16eaa6-35303339402/bench_results_linux-arm64.json	build/evidence/benchmark-lead/p28/ci-35303339402/ci/bench_results_linux-arm64.json	45dd00041dfb1eadbf8d926ccfae4b01b883ec0e22bf54729c730dd49068523d	c16eaa6	35303339402
docs/benchmarks/evidence/standings-gate/c16eaa6-35303339402/bench_results_linux-x86_64.md	build/evidence/benchmark-lead/p28/ci-35303339402/ci/bench_results_linux-x86_64.md	3027e31e6beaeaac02a047cf3ccfa5bd21e19db13b33ef04a0181b8c48751287	c16eaa6	35303339402
docs/benchmarks/evidence/standings-gate/c16eaa6-35303339402/bench_results_linux-x86_64.json	build/evidence/benchmark-lead/p28/ci-35303339402/ci/bench_results_linux-x86_64.json	5a5863d33ed7266fdf61f718b72ac78cc7dc820b66ae78d7dffcfd52150ad28b	c16eaa6	35303339402
docs/benchmarks/evidence/standings-gate/c16eaa6-35303339402/bench_results_macos-arm64.md	build/evidence/benchmark-lead/p28/ci-35303339402/ci/bench_results_macos-arm64.md	9d7ce74ad17011176ce3860c38c29f852335a4da436389cf20b3c5ecbc06e8ce	c16eaa6	35303339402
docs/benchmarks/evidence/standings-gate/c16eaa6-35303339402/bench_results_macos-arm64.json	build/evidence/benchmark-lead/p28/ci-35303339402/ci/bench_results_macos-arm64.json	3e5813edb8efaea1b4622b81263013febb96cd7e67767fc00e394857b4f1979c	c16eaa6	35303339402
docs/benchmarks/evidence/standings-gate/c16eaa6-35303339402/bench_results_macos-x86_64.md	build/evidence/benchmark-lead/p28/ci-35303339402/ci/bench_results_macos-x86_64.md	315123decc905e619e4827c088e0a19b5b581608e53708512409b874a386b13b	c16eaa6	35303339402
docs/benchmarks/evidence/standings-gate/c16eaa6-35303339402/bench_results_macos-x86_64.json	build/evidence/benchmark-lead/p28/ci-35303339402/ci/bench_results_macos-x86_64.json	966118414e9052486b55fe56dff793a66aa4ef0b9c07a9c66567b9b0b88b8589	c16eaa6	35303339402
docs/benchmarks/evidence/standings-gate/c16eaa6-35303339402/bench_results_windows-x86_64.md	build/evidence/benchmark-lead/p28/ci-35303339402/ci/bench_results_windows-x86_64.md	f703188ddaf780f17525334ecca2e5bf211a2b4a36dd39c4c158d4ebc0810f3c	c16eaa6	35303339402
docs/benchmarks/evidence/standings-gate/c16eaa6-35303339402/bench_results_windows-x86_64.json	build/evidence/benchmark-lead/p28/ci-35303339402/ci/bench_results_windows-x86_64.json	a3b783dc8dbe3f24d566cbb6e44b38e70d78919cfa7607e60eb7adf9601a5e03	c16eaa6	35303339402
docs/benchmarks/evidence/standings-gate/c16eaa6-35303339402/run_info.json	build/evidence/benchmark-lead/p28/ci-35303339402/ci/run_info.json	896cf0ceda906b63e0606a2b265b353895f867a968ba22287dea8d52a806e80f	c16eaa6	35303339402
docs/benchmarks/evidence/standings-gate/c16eaa6-35304167412/bench_results_linux-arm64.md	build/evidence/benchmark-lead/p28/ci-35304167412/ci/bench_results_linux-arm64.md	6b63e25b39b48615d5dfbda351100d105b7c6c5e723334be513adf17c4a652d4	c16eaa6	35304167412
docs/benchmarks/evidence/standings-gate/c16eaa6-35304167412/bench_results_linux-arm64.json	build/evidence/benchmark-lead/p28/ci-35304167412/ci/bench_results_linux-arm64.json	64b49712d8abbeeded13fe035147df39b5e89636659e75bb9ee229719ec21d50	c16eaa6	35304167412
docs/benchmarks/evidence/standings-gate/c16eaa6-35304167412/bench_results_linux-x86_64.md	build/evidence/benchmark-lead/p28/ci-35304167412/ci/bench_results_linux-x86_64.md	d345afbad266f17daf9fc265a1aeb759192cf0a316c30bc29e1b5108542cc6fa	c16eaa6	35304167412
docs/benchmarks/evidence/standings-gate/c16eaa6-35304167412/bench_results_linux-x86_64.json	build/evidence/benchmark-lead/p28/ci-35304167412/ci/bench_results_linux-x86_64.json	da8bb26e884be4ca42b12727f401656edc89760da94cb1afe41b65314cdf3c64	c16eaa6	35304167412
docs/benchmarks/evidence/standings-gate/c16eaa6-35304167412/bench_results_macos-arm64.md	build/evidence/benchmark-lead/p28/ci-35304167412/ci/bench_results_macos-arm64.md	e15cb878a0b356ae0bf240d87fc5d8baecee34c8117774838ac7a9d856772dfe	c16eaa6	35304167412
docs/benchmarks/evidence/standings-gate/c16eaa6-35304167412/bench_results_macos-arm64.json	build/evidence/benchmark-lead/p28/ci-35304167412/ci/bench_results_macos-arm64.json	470fc9b26d2cc46a8e0f31362897a1b450301c263b5cae102272ec3d25112a71	c16eaa6	35304167412
docs/benchmarks/evidence/standings-gate/c16eaa6-35304167412/bench_results_macos-x86_64.md	build/evidence/benchmark-lead/p28/ci-35304167412/ci/bench_results_macos-x86_64.md	f05489b89f50c4de22cf42c0d0d26a055aa168949624fc05a1cf91742500c20c	c16eaa6	35304167412
docs/benchmarks/evidence/standings-gate/c16eaa6-35304167412/bench_results_macos-x86_64.json	build/evidence/benchmark-lead/p28/ci-35304167412/ci/bench_results_macos-x86_64.json	d1dcf3c65826c7d96222a31edb7c3762c75a1cb22cc53955065f8b74005c3804	c16eaa6	35304167412
docs/benchmarks/evidence/standings-gate/c16eaa6-35304167412/bench_results_windows-x86_64.md	build/evidence/benchmark-lead/p28/ci-35304167412/ci/bench_results_windows-x86_64.md	78632b8abb289160063739c56365d616875e2260c23e7a264188d625e77300a5	c16eaa6	35304167412
docs/benchmarks/evidence/standings-gate/c16eaa6-35304167412/bench_results_windows-x86_64.json	build/evidence/benchmark-lead/p28/ci-35304167412/ci/bench_results_windows-x86_64.json	5c6aae16f9c50d08ee9c504b4939767cc77351a6258e97f1dde315c710a7d197	c16eaa6	35304167412
docs/benchmarks/evidence/standings-gate/c16eaa6-35304167412/run_info.json	build/evidence/benchmark-lead/p28/ci-35304167412/ci/run_info.json	598129316ba456fe4ef8f1b136d771c7f97baa1711e69dfa5347611fd44eadac	c16eaa6	35304167412
docs/benchmarks/evidence/standings-gate/c16eaa6-35305165291/bench_results_linux-arm64.md	build/evidence/benchmark-lead/p28/ci-35305165291/ci/bench_results_linux-arm64.md	b70e552dbbe8f59a62451358dfa9b2d147735f5b3a740f7f1f3c58e075070bef	c16eaa6	35305165291
docs/benchmarks/evidence/standings-gate/c16eaa6-35305165291/bench_results_linux-arm64.json	build/evidence/benchmark-lead/p28/ci-35305165291/ci/bench_results_linux-arm64.json	465f49e57751f3f2bcdbbfbbfcec5455c5adfba58540124e6a9fbe6980724a59	c16eaa6	35305165291
docs/benchmarks/evidence/standings-gate/c16eaa6-35305165291/bench_results_linux-x86_64.md	build/evidence/benchmark-lead/p28/ci-35305165291/ci/bench_results_linux-x86_64.md	a1095701077be64896d7c3abb6b102b414bf915a394785a3b70707fc8c683bc1	c16eaa6	35305165291
docs/benchmarks/evidence/standings-gate/c16eaa6-35305165291/bench_results_linux-x86_64.json	build/evidence/benchmark-lead/p28/ci-35305165291/ci/bench_results_linux-x86_64.json	15277a12fa620651f06ffadb22f56dc0515352a196fbe6fd5bd262c9c26eab6e	c16eaa6	35305165291
docs/benchmarks/evidence/standings-gate/c16eaa6-35305165291/bench_results_macos-arm64.md	build/evidence/benchmark-lead/p28/ci-35305165291/ci/bench_results_macos-arm64.md	fbfd0b8efe812dfca84c260a22f50eb7d58640863e69a31ba1205bfda0001781	c16eaa6	35305165291
docs/benchmarks/evidence/standings-gate/c16eaa6-35305165291/bench_results_macos-arm64.json	build/evidence/benchmark-lead/p28/ci-35305165291/ci/bench_results_macos-arm64.json	715309b57bdd7893d5a8bde4131917cef18cfc6170242bde9b024f53e9ec9a0b	c16eaa6	35305165291
docs/benchmarks/evidence/standings-gate/c16eaa6-35305165291/bench_results_macos-x86_64.md	build/evidence/benchmark-lead/p28/ci-35305165291/ci/bench_results_macos-x86_64.md	7fa7baba06b139682526a53fbf9b97bf17de0194f6938fbc56dc72656a3faa17	c16eaa6	35305165291
docs/benchmarks/evidence/standings-gate/c16eaa6-35305165291/bench_results_macos-x86_64.json	build/evidence/benchmark-lead/p28/ci-35305165291/ci/bench_results_macos-x86_64.json	16c48d0064c13196186ba3fc16bc1bade5421d6176d472cf8ad21a0b3e2a19f7	c16eaa6	35305165291
docs/benchmarks/evidence/standings-gate/c16eaa6-35305165291/bench_results_windows-x86_64.md	build/evidence/benchmark-lead/p28/ci-35305165291/ci/bench_results_windows-x86_64.md	6322f32aeacccf20941702e32a6c3e4ad5b9e1666517f269d31e71160da90981	c16eaa6	35305165291
docs/benchmarks/evidence/standings-gate/c16eaa6-35305165291/bench_results_windows-x86_64.json	build/evidence/benchmark-lead/p28/ci-35305165291/ci/bench_results_windows-x86_64.json	54abbe505f447393af8e31e605d50a83f7bbeeb1fc75b825349d0112592a9af3	c16eaa6	35305165291
docs/benchmarks/evidence/standings-gate/c16eaa6-35305165291/run_info.json	build/evidence/benchmark-lead/p28/ci-35305165291/ci/run_info.json	e41b551428326699cdd85a7a42f86da80e3a73b530733524a0d130b21998b229	c16eaa6	35305165291
docs/benchmarks/evidence/standings-gate/c16eaa6-35306206641/bench_results_linux-arm64.md	build/evidence/benchmark-lead/p28/ci-35306206641/ci/bench_results_linux-arm64.md	1492f3f62e2c8b28783a2b9b8b3ca6a770256cbfcdec74afb0bb6b6e71154c3e	c16eaa6	35306206641
docs/benchmarks/evidence/standings-gate/c16eaa6-35306206641/bench_results_linux-arm64.json	build/evidence/benchmark-lead/p28/ci-35306206641/ci/bench_results_linux-arm64.json	eb478b2e138a60cd1144a874ad4fdfa66f11c644553197732d0c731e99a69b17	c16eaa6	35306206641
docs/benchmarks/evidence/standings-gate/c16eaa6-35306206641/bench_results_linux-x86_64.md	build/evidence/benchmark-lead/p28/ci-35306206641/ci/bench_results_linux-x86_64.md	48219e599510ba136b8e14170ef1da2288282403bb075e350a3e480aae20ef7e	c16eaa6	35306206641
docs/benchmarks/evidence/standings-gate/c16eaa6-35306206641/bench_results_linux-x86_64.json	build/evidence/benchmark-lead/p28/ci-35306206641/ci/bench_results_linux-x86_64.json	ee103994c5e67651d99a7992cdd1c12ce51c509746587468b90bf2eb7daf9b5c	c16eaa6	35306206641
docs/benchmarks/evidence/standings-gate/c16eaa6-35306206641/bench_results_macos-arm64.md	build/evidence/benchmark-lead/p28/ci-35306206641/ci/bench_results_macos-arm64.md	7d0c6e150d59809558165cfd508983b95ce0c86399e7ef026f44b703b61a5c8c	c16eaa6	35306206641
docs/benchmarks/evidence/standings-gate/c16eaa6-35306206641/bench_results_macos-arm64.json	build/evidence/benchmark-lead/p28/ci-35306206641/ci/bench_results_macos-arm64.json	f9118c167a3e0ae2ec42669bffcb59023d22c6a2d157bb1430b14ea8f8b9fc31	c16eaa6	35306206641
docs/benchmarks/evidence/standings-gate/c16eaa6-35306206641/bench_results_macos-x86_64.md	build/evidence/benchmark-lead/p28/ci-35306206641/ci/bench_results_macos-x86_64.md	ab0d981d61dd75e5be81972d3f1db3e7067b292c92d6aa2d780aef8eb3e7db0e	c16eaa6	35306206641
docs/benchmarks/evidence/standings-gate/c16eaa6-35306206641/bench_results_macos-x86_64.json	build/evidence/benchmark-lead/p28/ci-35306206641/ci/bench_results_macos-x86_64.json	1d628e05b79adee2ffb6faaa12de25d6a4373f12d85ae82edb067e430197e29c	c16eaa6	35306206641
docs/benchmarks/evidence/standings-gate/c16eaa6-35306206641/bench_results_windows-x86_64.md	build/evidence/benchmark-lead/p28/ci-35306206641/ci/bench_results_windows-x86_64.md	833c5173cf1812387f8182e133871a1b63a2661e4cdf42ceb9ae090458016553	c16eaa6	35306206641
docs/benchmarks/evidence/standings-gate/c16eaa6-35306206641/bench_results_windows-x86_64.json	build/evidence/benchmark-lead/p28/ci-35306206641/ci/bench_results_windows-x86_64.json	ad960110dffdcdaa6a6d10a405d465cc6b3ce5752cd39746bd4e40a6af4a4616	c16eaa6	35306206641
docs/benchmarks/evidence/standings-gate/c16eaa6-35306206641/run_info.json	build/evidence/benchmark-lead/p28/ci-35306206641/ci/run_info.json	7d5ba8c72061de1a08e2a467c5ab08777d505ff4772abfd6ce52008f98e84058	c16eaa6	35306206641
docs/benchmarks/evidence/standings-gate/c16eaa6-35309489706/bench_results_linux-arm64.md	build/evidence/benchmark-lead/p28/ci-35309489706/ci/bench_results_linux-arm64.md	1cbaae748d66a103d8e6aa770cb1eec5a78bf446e24b820dd792ecbfd20bf6c2	c16eaa6	35309489706
docs/benchmarks/evidence/standings-gate/c16eaa6-35309489706/bench_results_linux-arm64.json	build/evidence/benchmark-lead/p28/ci-35309489706/ci/bench_results_linux-arm64.json	0c5c68be9c1765651add572210822d6e4e036ee7a8b81e5f7aeab87e0901c273	c16eaa6	35309489706
docs/benchmarks/evidence/standings-gate/c16eaa6-35309489706/bench_results_linux-x86_64.md	build/evidence/benchmark-lead/p28/ci-35309489706/ci/bench_results_linux-x86_64.md	48d2961e2d9084618bc7c5c7c4ab00ab0329b220ee6c8f1c789c1ea9ff3dc328	c16eaa6	35309489706
docs/benchmarks/evidence/standings-gate/c16eaa6-35309489706/bench_results_linux-x86_64.json	build/evidence/benchmark-lead/p28/ci-35309489706/ci/bench_results_linux-x86_64.json	a316313ee4e830420f2200a9953e9686775efa12e7a7af6f84b255768312c8ea	c16eaa6	35309489706
docs/benchmarks/evidence/standings-gate/c16eaa6-35309489706/bench_results_macos-arm64.md	build/evidence/benchmark-lead/p28/ci-35309489706/ci/bench_results_macos-arm64.md	3b5f819037d3ac08866ac046ce7d9988644bff69ec2cf5890821a760fd8d45e2	c16eaa6	35309489706
docs/benchmarks/evidence/standings-gate/c16eaa6-35309489706/bench_results_macos-arm64.json	build/evidence/benchmark-lead/p28/ci-35309489706/ci/bench_results_macos-arm64.json	813c3c117792eea5e296557c661a35532082196998f8b3a054cb89495a6593dc	c16eaa6	35309489706
docs/benchmarks/evidence/standings-gate/c16eaa6-35309489706/bench_results_macos-x86_64.md	build/evidence/benchmark-lead/p28/ci-35309489706/ci/bench_results_macos-x86_64.md	3424e317c3c6945cf3eb44be1302a8bcf457ac1fc436a19798e0f9715b66423f	c16eaa6	35309489706
docs/benchmarks/evidence/standings-gate/c16eaa6-35309489706/bench_results_macos-x86_64.json	build/evidence/benchmark-lead/p28/ci-35309489706/ci/bench_results_macos-x86_64.json	7f265385cb782abb1622795bce86f738d2baa762d8d2a325cb4085d498f30cff	c16eaa6	35309489706
docs/benchmarks/evidence/standings-gate/c16eaa6-35309489706/bench_results_windows-x86_64.md	build/evidence/benchmark-lead/p28/ci-35309489706/ci/bench_results_windows-x86_64.md	0bd045c6b95ecac5478a4fd17ba7c0c2d8459d730227f32a5e785b05cd9b25df	c16eaa6	35309489706
docs/benchmarks/evidence/standings-gate/c16eaa6-35309489706/bench_results_windows-x86_64.json	build/evidence/benchmark-lead/p28/ci-35309489706/ci/bench_results_windows-x86_64.json	81517108c6141e4c9078f132e3a7465bea1b43f8e8e557514ce6465e5006483f	c16eaa6	35309489706
docs/benchmarks/evidence/standings-gate/c16eaa6-35309489706/run_info.json	build/evidence/benchmark-lead/p28/ci-35309489706/ci/run_info.json	77ee1e5485d8e46f2b22257fd3428478e624ab1c94713ddc64da62f09b955e92	c16eaa6	35309489706
docs/benchmarks/evidence/standings-gate/9434607-36307283468/bench_results_linux-arm64.md	build/evidence/benchmark-lead/M12b/ci-36307283468/ci/bench_results_linux-arm64.md	e481c320a4cf56825fdffc6b2c8e67b10648fa32b979c1a92f468eeb4ee28281	9434607	36307283468
docs/benchmarks/evidence/standings-gate/9434607-36307283468/bench_results_linux-arm64.json	build/evidence/benchmark-lead/M12b/ci-36307283468/ci/bench_results_linux-arm64.json	5ce7f1bbc8ce420a1723b82930373d7ba76a15379e35af9f8239060dabde8eed	9434607	36307283468
docs/benchmarks/evidence/standings-gate/9434607-36307283468/bench_results_linux-x86_64.md	build/evidence/benchmark-lead/M12b/ci-36307283468/ci/bench_results_linux-x86_64.md	6daf0d568210973405d92b94a530d39a1492de058131b25ea6862c9980bba726	9434607	36307283468
docs/benchmarks/evidence/standings-gate/9434607-36307283468/bench_results_linux-x86_64.json	build/evidence/benchmark-lead/M12b/ci-36307283468/ci/bench_results_linux-x86_64.json	42ccba873e842cbe07a8a731023bc6beed6b59ad48653bbec2c385a32888084f	9434607	36307283468
docs/benchmarks/evidence/standings-gate/9434607-36307283468/bench_results_macos-arm64.md	build/evidence/benchmark-lead/M12b/ci-36307283468/ci/bench_results_macos-arm64.md	c6fc7039c4fbe585646b99fe82ccd391a814e8af2e74e185b450dc7f917fdbbe	9434607	36307283468
docs/benchmarks/evidence/standings-gate/9434607-36307283468/bench_results_macos-arm64.json	build/evidence/benchmark-lead/M12b/ci-36307283468/ci/bench_results_macos-arm64.json	969edb75c954e7424803b5a56c10b8b1a22a30c4f312a8d68e26a51d7d99a6b6	9434607	36307283468
docs/benchmarks/evidence/standings-gate/9434607-36307283468/bench_results_macos-x86_64.md	build/evidence/benchmark-lead/M12b/ci-36307283468/ci/bench_results_macos-x86_64.md	693312b92039f13e7873abc078638678d43ed9a2f2ccf486689e202a1e8fa9fb	9434607	36307283468
docs/benchmarks/evidence/standings-gate/9434607-36307283468/bench_results_macos-x86_64.json	build/evidence/benchmark-lead/M12b/ci-36307283468/ci/bench_results_macos-x86_64.json	f294d0ed22dd54560323782f90908d15e4e7dd32d6874e6b1a3c48d89da07806	9434607	36307283468
docs/benchmarks/evidence/standings-gate/9434607-36307283468/bench_results_windows-x86_64.md	build/evidence/benchmark-lead/M12b/ci-36307283468/ci/bench_results_windows-x86_64.md	a728916a3314995f5b1098e2add8522e72f9ddd08dbe6ef1e46d29b85f532980	9434607	36307283468
docs/benchmarks/evidence/standings-gate/9434607-36307283468/bench_results_windows-x86_64.json	build/evidence/benchmark-lead/M12b/ci-36307283468/ci/bench_results_windows-x86_64.json	e8dd6a648f9eafd5a99beb5e6103adba2d8c6ac17d9dadb57b0b6fc4e11a69cf	9434607	36307283468
docs/benchmarks/evidence/standings-gate/9434607-36307283468/run_info.json	build/evidence/benchmark-lead/M12b/ci-36307283468/ci/run_info.json	ee4173369e7a17abe295d6bcdf13ec86d5f4758e90b0c794a94fa6591aa38fd3	9434607	36307283468
docs/benchmarks/evidence/standings-gate/cd9d20b-36308291687/bench_results_linux-arm64.md	build/evidence/benchmark-lead/M12b/ci-36308291687/ci/bench_results_linux-arm64.md	f6780f073773e6e4261d2e554e3d60c61316cbc52aabbd7e8ad936ede83a5d0a	cd9d20b	36308291687
docs/benchmarks/evidence/standings-gate/cd9d20b-36308291687/bench_results_linux-arm64.json	build/evidence/benchmark-lead/M12b/ci-36308291687/ci/bench_results_linux-arm64.json	28dfb9e0c8035e29ef561d84a26bebfce5676b6f6c7162c26f879d2bb98f0fc0	cd9d20b	36308291687
docs/benchmarks/evidence/standings-gate/cd9d20b-36308291687/bench_results_linux-x86_64.md	build/evidence/benchmark-lead/M12b/ci-36308291687/ci/bench_results_linux-x86_64.md	22522355088b597e12b589c7d7f790adc7afccfaf4c072fb6b9560ddfbf0df0a	cd9d20b	36308291687
docs/benchmarks/evidence/standings-gate/cd9d20b-36308291687/bench_results_linux-x86_64.json	build/evidence/benchmark-lead/M12b/ci-36308291687/ci/bench_results_linux-x86_64.json	51c607e9228c839a59c24eb7f78efda8d939bfa89698b18ef54bab61b4e5b7b9	cd9d20b	36308291687
docs/benchmarks/evidence/standings-gate/cd9d20b-36308291687/bench_results_macos-arm64.md	build/evidence/benchmark-lead/M12b/ci-36308291687/ci/bench_results_macos-arm64.md	432a503e1d476507e9ff2288de57320a17eda9729494d883dd161e542c58d106	cd9d20b	36308291687
docs/benchmarks/evidence/standings-gate/cd9d20b-36308291687/bench_results_macos-arm64.json	build/evidence/benchmark-lead/M12b/ci-36308291687/ci/bench_results_macos-arm64.json	833dcf49bd1643f8a6634d3e338ee24c6eb68d403112c4a196d749ba04941e92	cd9d20b	36308291687
docs/benchmarks/evidence/standings-gate/cd9d20b-36308291687/bench_results_macos-x86_64.md	build/evidence/benchmark-lead/M12b/ci-36308291687/ci/bench_results_macos-x86_64.md	35017601f83dc088d2d04dd821470e7f78d08cc44af9d8963b15b96ca94a19f0	cd9d20b	36308291687
docs/benchmarks/evidence/standings-gate/cd9d20b-36308291687/bench_results_macos-x86_64.json	build/evidence/benchmark-lead/M12b/ci-36308291687/ci/bench_results_macos-x86_64.json	e42b91aec865012ff321d62f71349f8dcc823cec3d63ae8ab7cf93ef4b98a447	cd9d20b	36308291687
docs/benchmarks/evidence/standings-gate/cd9d20b-36308291687/bench_results_windows-x86_64.md	build/evidence/benchmark-lead/M12b/ci-36308291687/ci/bench_results_windows-x86_64.md	b5a4f91c643929695222c0f79a28548dac84a6a6b54a768eff7b7d4e6a466963	cd9d20b	36308291687
docs/benchmarks/evidence/standings-gate/cd9d20b-36308291687/bench_results_windows-x86_64.json	build/evidence/benchmark-lead/M12b/ci-36308291687/ci/bench_results_windows-x86_64.json	e34fda950a613f2a6a28c7caf818351ba82d07a1142dad0added521c497ff98c	cd9d20b	36308291687
docs/benchmarks/evidence/standings-gate/cd9d20b-36308291687/run_info.json	build/evidence/benchmark-lead/M12b/ci-36308291687/ci/run_info.json	e2ba9305bcd18f8fcad31277ab96297cac050c8ea3a126c93a07b0f3275ccc57	cd9d20b	36308291687
docs/benchmarks/evidence/standings-gate/79fa3df-34064158421/bench_results_linux-arm64.md	build/evidence/E26-P5/ci_run1/ci/bench_results_linux-arm64.md	3a179e8eeb1bb0a4829e1159cb7368b73cde803afb45dd383bc6f924d231ba97	79fa3df	34064158421
docs/benchmarks/evidence/standings-gate/79fa3df-34064158421/bench_results_linux-x86_64.md	build/evidence/E26-P5/ci_run1/ci/bench_results_linux-x86_64.md	bac44ea5b2294cf2b329b71d9ec2a833983fc7555535655e1b404acf248975bf	79fa3df	34064158421
docs/benchmarks/evidence/standings-gate/79fa3df-34064158421/bench_results_macos-arm64.md	build/evidence/E26-P5/ci_run1/ci/bench_results_macos-arm64.md	3f50a491324b8c885c7ef3963b3cebaf57c548807cf8205d2dd6c3ac431834ba	79fa3df	34064158421
docs/benchmarks/evidence/standings-gate/79fa3df-34064158421/bench_results_macos-x86_64.md	build/evidence/E26-P5/ci_run1/ci/bench_results_macos-x86_64.md	3c3983da26e68f335744a215f33c900bde7df5b4a15fcb6db64b0a5f95d6e51c	79fa3df	34064158421
docs/benchmarks/evidence/standings-gate/79fa3df-34064158421/bench_results_windows-x86_64.md	build/evidence/E26-P5/ci_run1/ci/bench_results_windows-x86_64.md	7d57d211174957c36a0c9b38b9ade6c0d5ed4edaf5ae45e8f85971614564dc7b	79fa3df	34064158421
docs/benchmarks/evidence/standings-gate/79fa3df-34064158421/run_info.json	build/evidence/E26-P5/ci_run1/ci/run_info.json	7be2f773324fe0a53dbc086587c800d58f4dc77a7141c6c99187fcf575a84622	79fa3df	34064158421
docs/benchmarks/evidence/standings-gate/79fa3df-34064174240/bench_results_linux-arm64.md	build/evidence/E26-P5/ci_run2/ci/bench_results_linux-arm64.md	bfd84d291fada6df75c8ae1fb1ad879a1ec3165e3a90443164bf913aff9d96c8	79fa3df	34064174240
docs/benchmarks/evidence/standings-gate/79fa3df-34064174240/bench_results_linux-x86_64.md	build/evidence/E26-P5/ci_run2/ci/bench_results_linux-x86_64.md	a11c206494c15f87c0fb78bb599c6c2a1f5c3a5d6be8c0ef47e0872fadc49484	79fa3df	34064174240
docs/benchmarks/evidence/standings-gate/79fa3df-34064174240/bench_results_macos-arm64.md	build/evidence/E26-P5/ci_run2/ci/bench_results_macos-arm64.md	1e0fa30a78cf96d9b932729245457515b4d4d8c8092ebc00cbb277651ff08e5c	79fa3df	34064174240
docs/benchmarks/evidence/standings-gate/79fa3df-34064174240/bench_results_macos-x86_64.md	build/evidence/E26-P5/ci_run2/ci/bench_results_macos-x86_64.md	d816037b8b35db4bc84d7676f506cca74f2d4ea4dbe6d1eeef9069b431cceb8a	79fa3df	34064174240
docs/benchmarks/evidence/standings-gate/79fa3df-34064174240/bench_results_windows-x86_64.md	build/evidence/E26-P5/ci_run2/ci/bench_results_windows-x86_64.md	7caa8e4469be39834bad3da2958b896d20b11474443b6243e55a6a35dff278ce	79fa3df	34064174240
docs/benchmarks/evidence/standings-gate/79fa3df-34064174240/run_info.json	build/evidence/E26-P5/ci_run2/ci/run_info.json	1f2bf89c279e2eb6ccbc3320dade0cacb0329422d9cbc224e5cb3a91fdc5e277	79fa3df	34064174240
docs/benchmarks/evidence/standings-gate/32c5fa4-34012087358/bench_results_linux-arm64.md	build/evidence/benchmark-lead/history/32c5fa4/ci/bench_results_linux-arm64.md	27c3381a894ed0870c70b151f9d87b1e313ba1b58850659f74add3ebf6d2b41b	32c5fa4	34012087358
docs/benchmarks/evidence/standings-gate/32c5fa4-34012087358/bench_results_linux-x86_64.md	build/evidence/benchmark-lead/history/32c5fa4/ci/bench_results_linux-x86_64.md	39a51981567a546c756239928ce2d955399b546fd159efeeff7b141aa0312f5e	32c5fa4	34012087358
docs/benchmarks/evidence/standings-gate/32c5fa4-34012087358/bench_results_macos-arm64.md	build/evidence/benchmark-lead/history/32c5fa4/ci/bench_results_macos-arm64.md	93d10fc82f9d2ab02433e6335daa755358e29568cc08f65072fb0388aa092b8e	32c5fa4	34012087358
docs/benchmarks/evidence/standings-gate/32c5fa4-34012087358/bench_results_macos-x86_64.md	build/evidence/benchmark-lead/history/32c5fa4/ci/bench_results_macos-x86_64.md	41565befe34d3709263753f90002f21dbdfdd0bd0f4784cc21adfd59747d93d7	32c5fa4	34012087358
docs/benchmarks/evidence/standings-gate/32c5fa4-34012087358/bench_results_windows-x86_64.md	build/evidence/benchmark-lead/history/32c5fa4/ci/bench_results_windows-x86_64.md	a562a91f97fac4b8e2bc21b43d5e74e3918ce0a9da7079f8ab8d8d1dd7ae4138	32c5fa4	34012087358
docs/benchmarks/evidence/standings-gate/32c5fa4-34012087358/run_info.json	git bf459ea:docs/benchmarks/ci/run_info.json	995fa1bb9f1e8434eb9c06860535fb101eb090a7d4e1ff3bf7532ec962d529e1	32c5fa4	34012087358
docs/benchmarks/evidence/standings-gate/75cfb42-34143751498/bench_results_linux-arm64.md	build/evidence/benchmark-lead/history/75cfb42/ci/bench_results_linux-arm64.md	bd5818633ad12ca1a570351c0baed2b56baf3290cc118f0ced4c219e6d513296	75cfb42	34143751498
docs/benchmarks/evidence/standings-gate/75cfb42-34143751498/bench_results_linux-arm64.json	build/evidence/benchmark-lead/history/75cfb42/ci/bench_results_linux-arm64.json	92fdfcf060f47d05710acf80408691a5c1d1fc5a2b31501d6e61813365478402	75cfb42	34143751498
docs/benchmarks/evidence/standings-gate/75cfb42-34143751498/bench_results_linux-x86_64.md	build/evidence/benchmark-lead/history/75cfb42/ci/bench_results_linux-x86_64.md	14051b88362657d7ed7b83ce1f5090564d6abb0c9fc166ef0416d8749d174469	75cfb42	34143751498
docs/benchmarks/evidence/standings-gate/75cfb42-34143751498/bench_results_linux-x86_64.json	build/evidence/benchmark-lead/history/75cfb42/ci/bench_results_linux-x86_64.json	c647bcdeff3a00b4c4f53d8459d880b9329ceb99883d8fb78d395647b1a58ccb	75cfb42	34143751498
docs/benchmarks/evidence/standings-gate/75cfb42-34143751498/bench_results_macos-arm64.md	build/evidence/benchmark-lead/history/75cfb42/ci/bench_results_macos-arm64.md	95c0093c338fc9668242c3414f03bcc106acba1541cd4c098d441c13e73a18d2	75cfb42	34143751498
docs/benchmarks/evidence/standings-gate/75cfb42-34143751498/bench_results_macos-arm64.json	build/evidence/benchmark-lead/history/75cfb42/ci/bench_results_macos-arm64.json	d755cadf4fa92301b764a403b2e6ecfef85f54edd2426c627b817822ac6cfa6a	75cfb42	34143751498
docs/benchmarks/evidence/standings-gate/75cfb42-34143751498/bench_results_macos-x86_64.md	build/evidence/benchmark-lead/history/75cfb42/ci/bench_results_macos-x86_64.md	c0033f6a1e653adedbd0c2487bce09a80c83d5b3539fe513864b218b91c9f91d	75cfb42	34143751498
docs/benchmarks/evidence/standings-gate/75cfb42-34143751498/bench_results_macos-x86_64.json	build/evidence/benchmark-lead/history/75cfb42/ci/bench_results_macos-x86_64.json	b21c728711f17146c9520c0486768623bf995b43a72292660910978433ef5ea7	75cfb42	34143751498
docs/benchmarks/evidence/standings-gate/75cfb42-34143751498/bench_results_windows-x86_64.md	build/evidence/benchmark-lead/history/75cfb42/ci/bench_results_windows-x86_64.md	84e6e90f26d29f809967a888b7be3388ffef132d1f0d8e4999c61ec9249beae6	75cfb42	34143751498
docs/benchmarks/evidence/standings-gate/75cfb42-34143751498/bench_results_windows-x86_64.json	build/evidence/benchmark-lead/history/75cfb42/ci/bench_results_windows-x86_64.json	eedab641d414f5611cdb003a8647c887eed5e694abc5e73e5e75f90d2222398f	75cfb42	34143751498
docs/benchmarks/evidence/standings-gate/75cfb42-34143751498/run_info.json	git cb22551:docs/benchmarks/ci/run_info.json	bbdac7b50dd34b6f9dc5a48b1762474a95860151c3c3d15bde6bb1643d85c3bc	75cfb42	34143751498
docs/benchmarks/ci/bench_results_linux-arm64.md	docs/benchmarks/ci (in-tree)	bde21f81d048cf28c5f417c961fe697b4024f55440aeaf4736e3b9d645d94526	565fab2	36585989834
docs/benchmarks/ci/bench_results_linux-arm64.json	docs/benchmarks/ci (in-tree)	7fea6c607aa4ea6a0c025781503b8a2f9728bb726fd39613ecf0faf8f5507f61	565fab2	36585989834
docs/benchmarks/ci/bench_results_linux-x86_64.md	docs/benchmarks/ci (in-tree)	eb817ae5d5d2ea7be3b6da6b11c584c44749841fd1ad93ded0f81b426b23ea9a	565fab2	36585989834
docs/benchmarks/ci/bench_results_linux-x86_64.json	docs/benchmarks/ci (in-tree)	1c3a05290e3f594ee4e44137acb468c6fc17a11778596056a8618676c79034c0	565fab2	36585989834
docs/benchmarks/ci/bench_results_macos-arm64.md	docs/benchmarks/ci (in-tree)	92284048120ccbde7399cd2a546fd5ca318a5418c70bde69c875410e166ba259	565fab2	36585989834
docs/benchmarks/ci/bench_results_macos-arm64.json	docs/benchmarks/ci (in-tree)	5355db36fa8e8b59a3341667a7bb3adcac71dee60ff9d8d2b855f116cbbf1f5d	565fab2	36585989834
docs/benchmarks/ci/bench_results_macos-x86_64.md	docs/benchmarks/ci (in-tree)	5782e23d192543d2bf048743a154a97bcef21bff39dbebad4a5e2f242cd4d2c3	565fab2	36585989834
docs/benchmarks/ci/bench_results_macos-x86_64.json	docs/benchmarks/ci (in-tree)	f25d27c2368b4bc7692ec6fae33df8aaeb5bcb36e31631aaabeea5206c86af12	565fab2	36585989834
docs/benchmarks/ci/bench_results_windows-x86_64.md	docs/benchmarks/ci (in-tree)	0074d107feb2f865721bc63798953aa50c5ef0592ff3b31abb5e02dd5be30c04	565fab2	36585989834
docs/benchmarks/ci/bench_results_windows-x86_64.json	docs/benchmarks/ci (in-tree)	0f67bca83fd50f1135a9a44471b17636372df580d843f441a22e4dbb6f716325	565fab2	36585989834
docs/benchmarks/ci/run_info.json	docs/benchmarks/ci (in-tree)	206ef3b02b8d9643f5a959b4254667f999e869b3c7e6709ecd74e8aac0d39814	565fab2	36585989834
